date,group,ratio,precipitation_sum,rain_sum,snowfall_sum,day_type
2024-01-01,라운딩,5.20951,0.0,0.0,0.0,dry
2024-01-02,라운딩,6.68176,0.1,0.1,0.0,dry
2024-01-03,라운딩,7.28576,0.1,0.0,0.07,dry
2024-01-04,라운딩,8.53152,0.0,0.0,0.0,dry
2024-01-05,라운딩,6.75726,0.6,0.6,0.0,dry
2024-01-06,라운딩,5.05851,0.4,0.0,0.28,dry
2024-01-07,라운딩,4.07701,0.0,0.0,0.0,dry
2024-01-08,라운딩,6.79501,0.0,0.0,0.0,dry
2024-01-09,라운딩,7.70101,2.4,0.0,1.68,snow
2024-01-10,라운딩,6.98376,0.0,0.0,0.0,dry
2024-01-11,라운딩,8.30502,0.0,0.0,0.0,dry
2024-01-12,라운딩,7.13476,0.0,0.0,0.0,dry
2024-01-13,라운딩,5.70026,0.0,0.0,0.0,dry
2024-01-14,라운딩,4.53001,2.7,2.7,0.0,rain
2024-01-15,라운딩,8.68252,0.0,0.0,0.0,dry
2024-01-16,라운딩,7.13476,0.0,0.0,0.0,dry
2024-01-17,라운딩,6.98376,7.7,3.6,2.87,mixed
2024-01-18,라운딩,8.11627,1.0,1.0,0.0,rain
2024-01-19,라운딩,7.09701,0.0,0.0,0.0,dry
2024-01-20,라운딩,5.96451,2.2,0.4,1.26,snow
2024-01-21,라운딩,5.43601,0.1,0.0,0.07,dry
2024-01-22,라운딩,5.92676,0.0,0.0,0.0,dry
2024-01-23,라운딩,6.34201,0.0,0.0,0.0,dry
2024-01-24,라운딩,7.32351,0.0,0.0,0.0,dry
2024-01-25,라운딩,6.75726,0.0,0.0,0.0,dry
2024-01-26,라운딩,6.07776,0.0,0.0,0.0,dry
2024-01-27,라운딩,4.83201,0.0,0.0,0.0,dry
2024-01-28,라운딩,4.41676,0.0,0.0,0.0,dry
2024-01-29,라운딩,8.00302,0.0,0.0,0.0,dry
2024-01-30,라운딩,7.77651,0.0,0.0,0.0,dry
2024-01-31,라운딩,8.83352,0.0,0.0,0.0,dry
2024-02-01,라운딩,8.38052,0.0,0.0,0.0,dry
2024-02-02,라운딩,7.13476,0.0,0.0,0.0,dry
2024-02-03,라운딩,5.96451,1.4,1.4,0.0,rain
2024-02-04,라운딩,6.26651,0.0,0.0,0.0,dry
2024-02-05,라운딩,6.68176,7.6,2.9,3.29,mixed
2024-02-06,라운딩,7.43676,1.0,0.2,0.56,dry
2024-02-07,라운딩,7.77651,0.0,0.0,0.0,dry
2024-02-08,라운딩,7.70101,0.0,0.0,0.0,dry
2024-02-09,라운딩,5.70026,0.0,0.0,0.0,dry
2024-02-10,라운딩,4.30351,0.0,0.0,0.0,dry
2024-02-11,라운딩,5.13401,0.0,0.0,0.0,dry
2024-02-12,라운딩,6.22876,0.0,0.0,0.0,dry
2024-02-13,라운딩,10.30577,0.0,0.0,0.0,dry
2024-02-14,라운딩,9.43752,1.0,1.0,0.0,rain
2024-02-15,라운딩,7.88976,8.6,5.4,2.24,mixed
2024-02-16,라운딩,9.58852,0.0,0.0,0.0,dry
2024-02-17,라운딩,7.81426,0.0,0.0,0.0,dry
2024-02-18,라운딩,7.13476,8.5,8.5,0.0,rain
2024-02-19,라운딩,7.51226,8.6,8.6,0.0,rain
2024-02-20,라운딩,8.04077,2.0,1.9,0.07,rain
2024-02-21,라운딩,6.68176,15.3,2.1,9.24,mixed
2024-02-22,라운딩,8.26727,5.7,0.0,3.99,snow
2024-02-23,라운딩,7.62551,0.2,0.0,0.14,dry
2024-02-24,라운딩,6.53076,2.1,0.8,0.91,dry
2024-02-25,라운딩,6.87051,2.1,0.0,1.47,snow
2024-02-26,라운딩,8.83352,0.0,0.0,0.0,dry
2024-02-27,라운딩,10.45677,0.0,0.0,0.0,dry
2024-02-28,라운딩,10.75877,0.0,0.0,0.0,dry
2024-02-29,라운딩,12.04228,0.1,0.1,0.0,dry
2024-03-01,라운딩,10.68327,0.0,0.0,0.0,dry
2024-03-02,라운딩,11.09852,3.6,0.0,2.52,snow
2024-03-03,라운딩,9.47527,0.4,0.3,0.07,dry
2024-03-04,라운딩,15.36428,0.0,0.0,0.0,dry
2024-03-05,라운딩,13.36353,0.6,0.5,0.07,dry
2024-03-06,라운딩,12.64628,0.0,0.0,0.0,dry
2024-03-07,라운딩,12.94828,2.1,1.4,0.49,rain
2024-03-08,라운딩,12.38203,0.0,0.0,0.0,dry
2024-03-09,라운딩,12.87278,0.0,0.0,0.0,dry
2024-03-10,라운딩,10.75877,0.0,0.0,0.0,dry
2024-03-11,라운딩,13.66553,0.4,0.4,0.0,dry
2024-03-12,라운딩,12.19328,1.7,1.7,0.0,rain
2024-03-13,라운딩,12.91053,0.0,0.0,0.0,dry
2024-03-14,라운딩,14.94903,0.0,0.0,0.0,dry
2024-03-15,라운딩,13.62778,0.0,0.0,0.0,dry
2024-03-16,라운딩,10.45677,0.0,0.0,0.0,dry
2024-03-17,라운딩,9.85277,0.1,0.1,0.0,dry
2024-03-18,라운딩,12.38203,0.0,0.0,0.0,dry
2024-03-19,라운딩,12.49528,0.7,0.7,0.0,dry
2024-03-20,라운딩,13.13703,0.0,0.0,0.0,dry
2024-03-21,라운딩,12.11778,0.0,0.0,0.0,dry
2024-03-22,라운딩,12.04228,16.3,16.3,0.0,rain
2024-03-23,라운딩,11.36277,1.3,1.3,0.0,rain
2024-03-24,라운딩,10.30577,0.0,0.0,0.0,dry
2024-03-25,라운딩,13.25028,2.5,2.5,0.0,rain
2024-03-26,라운딩,12.19328,12.4,12.1,0.21,rain
2024-03-27,라운딩,12.38203,0.0,0.0,0.0,dry
2024-03-28,라운딩,12.53303,3.0,3.0,0.0,rain
2024-03-29,라운딩,14.42053,5.0,4.9,0.07,rain
2024-03-30,라운딩,11.47602,1.0,0.7,0.21,dry
2024-03-31,라운딩,9.96602,0.0,0.0,0.0,dry
2024-04-01,라운딩,12.11778,0.0,0.0,0.0,dry
2024-04-02,라운딩,12.11778,0.0,0.0,0.0,dry
2024-04-03,라운딩,11.85352,0.5,0.5,0.0,dry
2024-04-04,라운딩,15.55303,0.0,0.0,0.0,dry
2024-04-05,라운딩,13.55228,0.1,0.1,0.0,dry
2024-04-06,라운딩,11.02302,0.0,0.0,0.0,dry
2024-04-07,라운딩,10.53227,0.0,0.0,0.0,dry
2024-04-08,라운딩,13.81653,0.0,0.0,0.0,dry
2024-04-09,라운딩,13.59003,0.0,0.0,0.0,dry
2024-04-10,라운딩,8.98452,0.0,0.0,0.0,dry
2024-04-11,라운딩,12.94828,0.5,0.5,0.0,dry
2024-04-12,라운딩,14.64703,0.0,0.0,0.0,dry
2024-04-13,라운딩,10.68327,0.0,0.0,0.0,dry
2024-04-14,라운딩,10.00377,0.0,0.0,0.0,dry
2024-04-15,라운딩,11.43827,19.1,19.1,0.0,rain
2024-04-16,라운딩,12.53303,0.8,0.8,0.0,dry
2024-04-17,라운딩,13.77878,0.0,0.0,0.0,dry
2024-04-18,라운딩,13.66553,0.0,0.0,0.0,dry
2024-04-19,라운딩,14.04303,0.0,0.0,0.0,dry
2024-04-20,라운딩,9.47527,5.7,5.7,0.0,rain
2024-04-21,라운딩,9.70177,0.1,0.1,0.0,dry
2024-04-22,라운딩,12.41978,0.0,0.0,0.0,dry
2024-04-23,라운딩,13.62778,1.2,1.2,0.0,rain
2024-04-24,라운딩,11.36277,12.1,12.1,0.0,rain
2024-04-25,라운딩,12.34428,0.0,0.0,0.0,dry
2024-04-26,라운딩,13.92978,0.0,0.0,0.0,dry
2024-04-27,라운딩,9.89052,0.0,0.0,0.0,dry
2024-04-28,라운딩,9.58852,0.0,0.0,0.0,dry
2024-04-29,라운딩,13.06153,0.0,0.0,0.0,dry
2024-04-30,라운딩,13.32578,0.0,0.0,0.0,dry
2024-05-01,라운딩,10.60777,0.2,0.2,0.0,dry
2024-05-02,라운딩,13.28803,0.0,0.0,0.0,dry
2024-05-03,라운딩,14.11853,0.0,0.0,0.0,dry
2024-05-04,라운딩,9.96602,0.0,0.0,0.0,dry
2024-05-05,라운딩,8.22952,66.8,66.8,0.0,rain
2024-05-06,라운딩,8.83352,6.2,6.2,0.0,rain
2024-05-07,라운딩,12.30653,1.9,1.9,0.0,rain
2024-05-08,라운딩,13.28803,0.2,0.2,0.0,dry
2024-05-09,라운딩,13.85428,0.0,0.0,0.0,dry
2024-05-10,라운딩,13.59003,0.0,0.0,0.0,dry
2024-05-11,라운딩,10.00377,16.2,16.2,0.0,rain
2024-05-12,라운딩,10.49452,0.0,0.0,0.0,dry
2024-05-13,라운딩,12.57078,0.0,0.0,0.0,dry
2024-05-14,라운딩,13.02378,0.0,0.0,0.0,dry
2024-05-15,라운딩,11.40052,22.7,22.7,0.0,rain
2024-05-16,라운딩,14.79803,3.4,3.4,0.0,rain
2024-05-17,라운딩,13.40128,0.0,0.0,0.0,dry
2024-05-18,라운딩,10.23027,0.0,0.0,0.0,dry
2024-05-19,라운딩,9.43752,0.0,0.0,0.0,dry
2024-05-20,라운딩,12.30653,2.1,2.1,0.0,rain
2024-05-21,라운딩,13.55228,0.0,0.0,0.0,dry
2024-05-22,라운딩,13.55228,0.0,0.0,0.0,dry
2024-05-23,라운딩,14.19403,0.0,0.0,0.0,dry
2024-05-24,라운딩,13.28803,0.0,0.0,0.0,dry
2024-05-25,라운딩,10.45677,0.0,0.0,0.0,dry
2024-05-26,라운딩,9.47527,7.1,7.1,0.0,rain
2024-05-27,라운딩,12.79728,0.0,0.0,0.0,dry
2024-05-28,라운딩,12.87278,0.0,0.0,0.0,dry
2024-05-29,라운딩,14.11853,0.0,0.0,0.0,dry
2024-05-30,라운딩,14.42053,0.0,0.0,0.0,dry
2024-05-31,라운딩,12.98603,0.3,0.3,0.0,dry
2024-06-01,라운딩,9.09777,1.7,1.7,0.0,rain
2024-06-02,라운딩,9.77727,0.0,0.0,0.0,dry
2024-06-03,라운딩,12.45753,0.0,0.0,0.0,dry
2024-06-04,라운딩,12.72178,0.0,0.0,0.0,dry
2024-06-05,라운딩,13.36353,0.0,0.0,0.0,dry
2024-06-06,라운딩,10.45677,0.2,0.2,0.0,dry
2024-06-07,라운딩,12.75953,0.0,0.0,0.0,dry
2024-06-08,라운딩,9.43752,15.8,15.8,0.0,rain
2024-06-09,라운딩,9.55077,0.0,0.0,0.0,dry
2024-06-10,라운딩,13.55228,0.0,0.0,0.0,dry
2024-06-11,라운딩,13.51453,0.0,0.0,0.0,dry
2024-06-12,라운딩,12.68403,0.0,0.0,0.0,dry
2024-06-13,라운딩,13.17478,0.0,0.0,0.0,dry
2024-06-14,라운딩,12.15553,0.0,0.0,0.0,dry
2024-06-15,라운딩,10.72102,7.2,7.2,0.0,rain
2024-06-16,라운딩,9.70177,0.1,0.1,0.0,dry
2024-06-17,라운딩,13.32578,0.0,0.0,0.0,dry
2024-06-18,라운딩,12.60853,0.0,0.0,0.0,dry
2024-06-19,라운딩,12.45753,0.0,0.0,0.0,dry
2024-06-20,라운딩,12.19328,0.0,0.0,0.0,dry
2024-06-21,라운딩,14.19403,0.0,0.0,0.0,dry
2024-06-22,라운딩,7.73876,26.3,26.3,0.0,rain
2024-06-23,라운딩,8.00302,7.2,7.2,0.0,rain
2024-06-24,라운딩,10.72102,11.1,11.1,0.0,rain
2024-06-25,라운딩,12.57078,1.0,1.0,0.0,rain
2024-06-26,라운딩,11.81577,0.3,0.3,0.0,dry
2024-06-27,라운딩,12.68403,0.0,0.0,0.0,dry
2024-06-28,라운딩,10.64552,0.0,0.0,0.0,dry
2024-06-29,라운딩,8.30502,34.5,34.5,0.0,rain
2024-06-30,라운딩,7.02151,4.5,4.5,0.0,rain
2024-07-01,라운딩,13.62778,0.0,0.0,0.0,dry
2024-07-02,라운딩,10.49452,57.7,57.7,0.0,rain
2024-07-03,라운딩,10.38127,5.5,5.5,0.0,rain
2024-07-04,라운딩,10.04152,4.1,4.1,0.0,rain
2024-07-05,라운딩,10.15477,1.9,1.9,0.0,rain
2024-07-06,라운딩,7.47451,25.1,25.1,0.0,rain
2024-07-07,라운딩,7.05926,18.1,18.1,0.0,rain
2024-07-08,라운딩,9.09777,37.7,37.7,0.0,rain
2024-07-09,라운딩,10.60777,8.3,8.3,0.0,rain
2024-07-10,라운딩,11.02302,15.1,15.1,0.0,rain
2024-07-11,라운딩,11.55152,0.4,0.4,0.0,dry
2024-07-12,라운딩,10.38127,0.6,0.6,0.0,dry
2024-07-13,라운딩,8.75802,5.6,5.6,0.0,rain
2024-07-14,라운딩,6.26651,1.4,1.4,0.0,rain
2024-07-15,라운딩,10.98527,0.3,0.3,0.0,dry
2024-07-16,라운딩,11.17402,17.8,17.8,0.0,rain
2024-07-17,라운딩,9.28652,89.6,89.6,0.0,rain
2024-07-18,라운딩,8.49377,60.6,60.6,0.0,rain
2024-07-19,라운딩,11.21177,1.2,1.2,0.0,rain
2024-07-20,라운딩,9.13552,25.8,25.8,0.0,rain
2024-07-21,라운딩,7.02151,7.4,7.4,0.0,rain
2024-07-22,라운딩,10.00377,41.4,41.4,0.0,rain
2024-07-23,라운딩,9.92827,26.2,26.2,0.0,rain
2024-07-24,라운딩,9.81502,3.4,3.4,0.0,rain
2024-07-25,라운딩,8.75802,5.5,5.5,0.0,rain
2024-07-26,라운딩,9.43752,18.0,18.0,0.0,rain
2024-07-27,라운딩,7.81426,39.4,39.4,0.0,rain
2024-07-28,라운딩,7.62551,0.4,0.4,0.0,dry
2024-07-29,라운딩,9.62627,2.1,2.1,0.0,rain
2024-07-30,라운딩,9.55077,0.9,0.9,0.0,dry
2024-07-31,라운딩,9.28652,0.7,0.7,0.0,dry
2024-08-01,라운딩,9.39977,1.0,1.0,0.0,rain
2024-08-02,라운딩,10.19252,11.1,11.1,0.0,rain
2024-08-03,라운딩,7.88976,5.6,5.6,0.0,rain
2024-08-04,라운딩,6.60626,0.0,0.0,0.0,dry
2024-08-05,라운딩,8.94677,15.7,15.7,0.0,rain
2024-08-06,라운딩,9.13552,3.2,3.2,0.0,rain
2024-08-07,라운딩,10.19252,2.2,2.2,0.0,rain
2024-08-08,라운딩,9.96602,6.5,6.5,0.0,rain
2024-08-09,라운딩,10.90977,0.0,0.0,0.0,dry
2024-08-10,라운딩,7.36126,0.0,0.0,0.0,dry
2024-08-11,라운딩,7.28576,0.4,0.4,0.0,dry
2024-08-12,라운딩,9.36202,0.4,0.4,0.0,dry
2024-08-13,라운딩,10.15477,0.6,0.6,0.0,dry
2024-08-14,라운딩,9.73952,0.1,0.1,0.0,dry
2024-08-15,라운딩,8.75802,8.4,8.4,0.0,rain
2024-08-16,라운딩,10.26802,0.1,0.1,0.0,dry
2024-08-17,라운딩,7.24801,2.1,2.1,0.0,rain
2024-08-18,라운딩,6.53076,21.2,21.2,0.0,rain
2024-08-19,라운딩,9.32427,6.9,6.9,0.0,rain
2024-08-20,라운딩,9.02227,10.1,10.1,0.0,rain
2024-08-21,라운딩,8.30502,71.5,71.5,0.0,rain
2024-08-22,라운딩,10.23027,5.9,5.9,0.0,rain
2024-08-23,라운딩,10.04152,4.3,4.3,0.0,rain
2024-08-24,라운딩,7.09701,0.8,0.8,0.0,dry
2024-08-25,라운딩,7.39901,0.7,0.7,0.0,dry
2024-08-26,라운딩,10.00377,0.8,0.8,0.0,dry
2024-08-27,라운딩,10.30577,2.0,2.0,0.0,rain
2024-08-28,라운딩,10.15477,0.0,0.0,0.0,dry
2024-08-29,라운딩,9.70177,0.0,0.0,0.0,dry
2024-08-30,라운딩,11.21177,0.0,0.0,0.0,dry
2024-08-31,라운딩,7.85201,0.0,0.0,0.0,dry
2024-09-01,라운딩,7.81426,0.0,0.0,0.0,dry
2024-09-02,라운딩,9.81502,27.0,27.0,0.0,rain
2024-09-03,라운딩,11.13627,0.0,0.0,0.0,dry
2024-09-04,라운딩,10.34352,0.0,0.0,0.0,dry
2024-09-05,라운딩,10.04152,2.0,2.0,0.0,rain
2024-09-06,라운딩,10.75877,1.7,1.7,0.0,rain
2024-09-07,라운딩,8.94677,1.7,1.7,0.0,rain
2024-09-08,라운딩,8.75802,0.0,0.0,0.0,dry
2024-09-09,라운딩,9.85277,0.0,0.0,0.0,dry
2024-09-10,라운딩,10.26802,0.4,0.4,0.0,dry
2024-09-11,라운딩,10.11702,8.3,8.3,0.0,rain
2024-09-12,라운딩,11.09852,28.4,28.4,0.0,rain
2024-09-13,라운딩,10.49452,17.2,17.2,0.0,rain
2024-09-14,라운딩,8.11627,1.6,1.6,0.0,rain
2024-09-15,라운딩,8.98452,0.6,0.6,0.0,dry
2024-09-16,라운딩,8.45602,0.7,0.7,0.0,dry
2024-09-17,라운딩,7.43676,5.6,5.6,0.0,rain
2024-09-18,라운딩,9.09777,10.9,10.9,0.0,rain
2024-09-19,라운딩,13.28803,1.5,1.5,0.0,rain
2024-09-20,라운딩,12.49528,69.6,69.6,0.0,rain
2024-09-21,라운딩,8.45602,28.3,28.3,0.0,rain
2024-09-22,라운딩,9.13552,0.3,0.3,0.0,dry
2024-09-23,라운딩,11.55152,0.0,0.0,0.0,dry
2024-09-24,라운딩,12.79728,0.0,0.0,0.0,dry
2024-09-25,라운딩,12.98603,0.5,0.5,0.0,dry
2024-09-26,라운딩,12.57078,3.4,3.4,0.0,rain
2024-09-27,라운딩,13.66553,0.3,0.3,0.0,dry
2024-09-28,라운딩,9.32427,0.0,0.0,0.0,dry
2024-09-29,라운딩,9.09777,0.0,0.0,0.0,dry
2024-09-30,라운딩,12.64628,0.0,0.0,0.0,dry
2024-10-01,라운딩,9.58852,5.8,5.8,0.0,rain
2024-10-02,라운딩,11.70252,0.0,0.0,0.0,dry
2024-10-03,라운딩,10.45677,0.0,0.0,0.0,dry
2024-10-04,라운딩,12.38203,0.0,0.0,0.0,dry
2024-10-05,라운딩,9.66402,0.0,0.0,0.0,dry
2024-10-06,라운딩,8.04077,0.1,0.1,0.0,dry
2024-10-07,라운딩,12.30653,0.0,0.0,0.0,dry
2024-10-08,라운딩,13.32578,0.5,0.5,0.0,dry
2024-10-09,라운딩,9.85277,0.0,0.0,0.0,dry
2024-10-10,라운딩,10.98527,0.3,0.3,0.0,dry
2024-10-11,라운딩,11.62702,0.0,0.0,0.0,dry
2024-10-12,라운딩,9.55077,0.0,0.0,0.0,dry
2024-10-13,라운딩,9.77727,0.0,0.0,0.0,dry
2024-10-14,라운딩,11.17402,0.2,0.2,0.0,dry
2024-10-15,라운딩,12.75953,2.3,2.3,0.0,rain
2024-10-16,라운딩,11.43827,0.0,0.0,0.0,dry
2024-10-17,라운딩,11.74027,0.0,0.0,0.0,dry
2024-10-18,라운딩,11.40052,41.1,41.1,0.0,rain
2024-10-19,라운딩,9.73952,9.5,9.5,0.0,rain
2024-10-20,라운딩,7.77651,0.0,0.0,0.0,dry
2024-10-21,라운딩,11.06077,0.8,0.8,0.0,dry
2024-10-22,라운딩,10.94752,13.7,13.7,0.0,rain
2024-10-23,라운딩,12.15553,0.8,0.8,0.0,dry
2024-10-24,라운딩,12.68403,0.0,0.0,0.0,dry
2024-10-25,라운딩,12.04228,0.0,0.0,0.0,dry
2024-10-26,라운딩,9.21102,0.0,0.0,0.0,dry
2024-10-27,라운딩,7.02151,0.1,0.1,0.0,dry
2024-10-28,라운딩,10.87202,0.1,0.1,0.0,dry
2024-10-29,라운딩,11.32502,0.2,0.2,0.0,dry
2024-10-30,라운딩,11.55152,0.0,0.0,0.0,dry
2024-10-31,라운딩,10.90977,0.0,0.0,0.0,dry
2024-11-01,라운딩,11.92902,0.0,0.0,0.0,dry
2024-11-02,라운딩,9.43752,0.0,0.0,0.0,dry
2024-11-03,라운딩,8.19177,1.1,1.1,0.0,rain
2024-11-04,라운딩,11.24952,1.1,1.1,0.0,rain
2024-11-05,라운딩,10.72102,0.0,0.0,0.0,dry
2024-11-06,라운딩,10.45677,0.0,0.0,0.0,dry
2024-11-07,라운딩,11.62702,0.0,0.0,0.0,dry
2024-11-08,라운딩,10.75877,0.0,0.0,0.0,dry
2024-11-09,라운딩,7.21026,0.0,0.0,0.0,dry
2024-11-10,라운딩,7.58776,0.0,0.0,0.0,dry
2024-11-11,라운딩,9.96602,0.0,0.0,0.0,dry
2024-11-12,라운딩,10.94752,0.0,0.0,0.0,dry
2024-11-13,라운딩,12.00453,0.0,0.0,0.0,dry
2024-11-14,라운딩,10.79652,0.2,0.2,0.0,dry
2024-11-15,라운딩,10.23027,0.0,0.0,0.0,dry
2024-11-16,라운딩,8.07852,5.7,5.7,0.0,rain
2024-11-17,라운딩,6.49301,0.1,0.1,0.0,dry
2024-11-18,라운딩,9.92827,0.0,0.0,0.0,dry
2024-11-19,라운딩,9.85277,0.0,0.0,0.0,dry
2024-11-20,라운딩,10.34352,0.0,0.0,0.0,dry
2024-11-21,라운딩,8.45602,1.1,1.1,0.0,rain
2024-11-22,라운딩,8.83352,0.0,0.0,0.0,dry
2024-11-23,라운딩,7.96526,0.0,0.0,0.0,dry
2024-11-24,라운딩,7.39901,0.0,0.0,0.0,dry
2024-11-25,라운딩,8.15402,0.0,0.0,0.0,dry
2024-11-26,라운딩,7.17251,21.3,20.0,0.91,rain
2024-11-27,라운딩,8.15402,10.9,0.4,7.35,snow
2024-11-28,라운딩,8.04077,0.7,0.0,0.49,dry
2024-11-29,라운딩,8.41827,0.0,0.0,0.0,dry
2024-11-30,라운딩,5.36051,0.0,0.0,0.0,dry
2024-12-01,라운딩,4.68101,0.3,0.3,0.0,dry
2024-12-02,라운딩,7.17251,0.2,0.2,0.0,dry
2024-12-03,라운딩,7.66326,0.0,0.0,0.0,dry
2024-12-04,라운딩,6.79501,0.0,0.0,0.0,dry
2024-12-05,라운딩,6.94601,0.0,0.0,0.0,dry
2024-12-06,라운딩,6.75726,0.0,0.0,0.0,dry
2024-12-07,라운딩,5.43601,0.0,0.0,0.0,dry
2024-12-08,라운딩,3.775,0.0,0.0,0.0,dry
2024-12-09,라운딩,5.70026,0.0,0.0,0.0,dry
2024-12-10,라운딩,7.77651,0.0,0.0,0.0,dry
2024-12-11,라운딩,6.34201,0.0,0.0,0.0,dry
2024-12-12,라운딩,6.19101,0.0,0.0,0.0,dry
2024-12-13,라운딩,5.66251,0.0,0.0,0.0,dry
2024-12-14,라운딩,4.15251,0.0,0.0,0.0,dry
2024-12-15,라운딩,4.56776,0.0,0.0,0.0,dry
2024-12-16,라운딩,5.51151,0.0,0.0,0.0,dry
2024-12-17,라운딩,5.51151,0.0,0.0,0.0,dry
2024-12-18,라운딩,5.47376,0.0,0.0,0.0,dry
2024-12-19,라운딩,4.98301,0.0,0.0,0.0,dry
2024-12-20,라운딩,5.58701,0.8,0.0,0.56,dry
2024-12-21,라운딩,3.43525,0.7,0.0,0.49,dry
2024-12-22,라운딩,3.473,0.0,0.0,0.0,dry
2024-12-23,라운딩,4.56776,0.0,0.0,0.0,dry
2024-12-24,라운딩,3.8505,0.0,0.0,0.0,dry
2024-12-25,라운딩,3.20875,0.3,0.3,0.0,dry
2024-12-26,라운딩,4.86976,0.0,0.0,0.0,dry
2024-12-27,라운딩,4.71876,0.0,0.0,0.0,dry
2024-12-28,라운딩,3.13325,0.0,0.0,0.0,dry
2024-12-29,라운딩,3.5485,0.0,0.0,0.0,dry
2024-12-30,라운딩,4.94526,0.3,0.3,0.0,dry
2024-12-31,라운딩,5.17176,0.1,0.1,0.0,dry
2024-01-01,골프 예약,1.24575,0.0,0.0,0.0,dry
2024-01-02,골프 예약,2.7935,0.1,0.1,0.0,dry
2024-01-03,골프 예약,2.567,0.1,0.0,0.07,dry
2024-01-04,골프 예약,2.869,0.0,0.0,0.0,dry
2024-01-05,골프 예약,2.37825,0.6,0.6,0.0,dry
2024-01-06,골프 예약,0.6795,0.4,0.0,0.28,dry
2024-01-07,골프 예약,0.906,0.0,0.0,0.0,dry
2024-01-08,골프 예약,1.8875,0.0,0.0,0.0,dry
2024-01-09,골프 예약,2.0385,2.4,0.0,1.68,snow
2024-01-10,골프 예약,2.22725,0.0,0.0,0.0,dry
2024-01-11,골프 예약,1.7365,0.0,0.0,0.0,dry
2024-01-12,골프 예약,2.75575,0.0,0.0,0.0,dry
2024-01-13,골프 예약,1.2835,0.0,0.0,0.0,dry
2024-01-14,골프 예약,1.09475,2.7,2.7,0.0,rain
2024-01-15,골프 예약,2.60475,0.0,0.0,0.0,dry
2024-01-16,골프 예약,2.45375,0.0,0.0,0.0,dry
2024-01-17,골프 예약,2.83125,7.7,3.6,2.87,mixed
2024-01-18,골프 예약,2.75575,1.0,1.0,0.0,rain
2024-01-19,골프 예약,1.92525,0.0,0.0,0.0,dry
2024-01-20,골프 예약,1.2835,2.2,0.4,1.26,snow
2024-01-21,골프 예약,1.812,0.1,0.0,0.07,dry
2024-01-22,골프 예약,1.963,0.0,0.0,0.0,dry
2024-01-23,골프 예약,1.8875,0.0,0.0,0.0,dry
2024-01-24,골프 예약,1.8875,0.0,0.0,0.0,dry
2024-01-25,골프 예약,1.7365,0.0,0.0,0.0,dry
2024-01-26,골프 예약,1.812,0.0,0.0,0.0,dry
2024-01-27,골프 예약,1.32125,0.0,0.0,0.0,dry
2024-01-28,골프 예약,1.69875,0.0,0.0,0.0,dry
2024-01-29,골프 예약,3.2465,0.0,0.0,0.0,dry
2024-01-30,골프 예약,2.98225,0.0,0.0,0.0,dry
2024-01-31,골프 예약,3.73725,0.0,0.0,0.0,dry
2024-02-01,골프 예약,3.73725,0.0,0.0,0.0,dry
2024-02-02,골프 예약,3.8505,0.0,0.0,0.0,dry
2024-02-03,골프 예약,2.265,1.4,1.4,0.0,rain
2024-02-04,골프 예약,1.812,0.0,0.0,0.0,dry
2024-02-05,골프 예약,4.64326,7.6,2.9,3.29,mixed
2024-02-06,골프 예약,3.88825,1.0,0.2,0.56,dry
2024-02-07,골프 예약,4.56776,0.0,0.0,0.0,dry
2024-02-08,골프 예약,3.51075,0.0,0.0,0.0,dry
2024-02-09,골프 예약,1.812,0.0,0.0,0.0,dry
2024-02-10,골프 예약,1.77425,0.0,0.0,0.0,dry
2024-02-11,골프 예약,3.322,0.0,0.0,0.0,dry
2024-02-12,골프 예약,3.43525,0.0,0.0,0.0,dry
2024-02-13,골프 예약,6.07776,0.0,0.0,0.0,dry
2024-02-14,골프 예약,5.43601,1.0,1.0,0.0,rain
2024-02-15,골프 예약,4.56776,8.6,5.4,2.24,mixed
2024-02-16,골프 예약,5.13401,0.0,0.0,0.0,dry
2024-02-17,골프 예약,2.83125,0.0,0.0,0.0,dry
2024-02-18,골프 예약,2.6425,8.5,8.5,0.0,rain
2024-02-19,골프 예약,6.56851,8.6,8.6,0.0,rain
2024-02-20,골프 예약,4.86976,2.0,1.9,0.07,rain
2024-02-21,골프 예약,3.926,15.3,2.1,9.24,mixed
2024-02-22,골프 예약,5.73801,5.7,0.0,3.99,snow
2024-02-23,골프 예약,5.17176,0.2,0.0,0.14,dry
2024-02-24,골프 예약,2.90675,2.1,0.8,0.91,dry
2024-02-25,골프 예약,3.2465,2.1,0.0,1.47,snow
2024-02-26,골프 예약,6.75726,0.0,0.0,0.0,dry
2024-02-27,골프 예약,6.68176,0.0,0.0,0.0,dry
2024-02-28,골프 예약,5.17176,0.0,0.0,0.0,dry
2024-02-29,골프 예약,3.73725,0.1,0.1,0.0,dry
2024-03-01,골프 예약,2.869,0.0,0.0,0.0,dry
2024-03-02,골프 예약,2.52925,3.6,0.0,2.52,snow
2024-03-03,골프 예약,3.43525,0.4,0.3,0.07,dry
2024-03-04,골프 예약,6.41751,0.0,0.0,0.0,dry
2024-03-05,골프 예약,6.83276,0.6,0.5,0.07,dry
2024-03-06,골프 예약,6.79501,0.0,0.0,0.0,dry
2024-03-07,골프 예약,5.58701,2.1,1.4,0.49,rain
2024-03-08,골프 예약,5.70026,0.0,0.0,0.0,dry
2024-03-09,골프 예약,3.35975,0.0,0.0,0.0,dry
2024-03-10,골프 예약,4.00151,0.0,0.0,0.0,dry
2024-03-11,골프 예약,7.43676,0.4,0.4,0.0,dry
2024-03-12,골프 예약,7.13476,1.7,1.7,0.0,rain
2024-03-13,골프 예약,7.28576,0.0,0.0,0.0,dry
2024-03-14,골프 예약,6.83276,0.0,0.0,0.0,dry
2024-03-15,골프 예약,6.71951,0.0,0.0,0.0,dry
2024-03-16,골프 예약,4.07701,0.0,0.0,0.0,dry
2024-03-17,골프 예약,3.624,0.1,0.1,0.0,dry
2024-03-18,골프 예약,9.92827,0.0,0.0,0.0,dry
2024-03-19,골프 예약,8.56927,0.7,0.7,0.0,dry
2024-03-20,골프 예약,7.09701,0.0,0.0,0.0,dry
2024-03-21,골프 예약,7.85201,0.0,0.0,0.0,dry
2024-03-22,골프 예약,7.47451,16.3,16.3,0.0,rain
2024-03-23,골프 예약,4.60551,1.3,1.3,0.0,rain
2024-03-24,골프 예약,4.64326,0.0,0.0,0.0,dry
2024-03-25,골프 예약,9.02227,2.5,2.5,0.0,rain
2024-03-26,골프 예약,8.34277,12.4,12.1,0.21,rain
2024-03-27,골프 예약,8.60702,0.0,0.0,0.0,dry
2024-03-28,골프 예약,6.49301,3.0,3.0,0.0,rain
2024-03-29,골프 예약,7.66326,5.0,4.9,0.07,rain
2024-03-30,골프 예약,5.58701,1.0,0.7,0.21,dry
2024-03-31,골프 예약,4.60551,0.0,0.0,0.0,dry
2024-04-01,골프 예약,11.55152,0.0,0.0,0.0,dry
2024-04-02,골프 예약,10.83427,0.0,0.0,0.0,dry
2024-04-03,골프 예약,9.13552,0.5,0.5,0.0,dry
2024-04-04,골프 예약,9.36202,0.0,0.0,0.0,dry
2024-04-05,골프 예약,8.38052,0.1,0.1,0.0,dry
2024-04-06,골프 예약,6.56851,0.0,0.0,0.0,dry
2024-04-07,골프 예약,4.64326,0.0,0.0,0.0,dry
2024-04-08,골프 예약,10.45677,0.0,0.0,0.0,dry
2024-04-09,골프 예약,10.72102,0.0,0.0,0.0,dry
2024-04-10,골프 예약,4.56776,0.0,0.0,0.0,dry
2024-04-11,골프 예약,8.64477,0.5,0.5,0.0,dry
2024-04-12,골프 예약,8.98452,0.0,0.0,0.0,dry
2024-04-13,골프 예약,5.28501,0.0,0.0,0.0,dry
2024-04-14,골프 예약,5.28501,0.0,0.0,0.0,dry
2024-04-15,골프 예약,12.30653,19.1,19.1,0.0,rain
2024-04-16,골프 예약,10.19252,0.8,0.8,0.0,dry
2024-04-17,골프 예약,8.64477,0.0,0.0,0.0,dry
2024-04-18,골프 예약,8.98452,0.0,0.0,0.0,dry
2024-04-19,골프 예약,9.17327,0.0,0.0,0.0,dry
2024-04-20,골프 예약,4.30351,5.7,5.7,0.0,rain
2024-04-21,골프 예약,4.98301,0.1,0.1,0.0,dry
2024-04-22,골프 예약,10.15477,0.0,0.0,0.0,dry
2024-04-23,골프 예약,9.36202,1.2,1.2,0.0,rain
2024-04-24,골프 예약,8.79577,12.1,12.1,0.0,rain
2024-04-25,골프 예약,9.09777,0.0,0.0,0.0,dry
2024-04-26,골프 예약,8.15402,0.0,0.0,0.0,dry
2024-04-27,골프 예약,5.92676,0.0,0.0,0.0,dry
2024-04-28,골프 예약,4.19026,0.0,0.0,0.0,dry
2024-04-29,골프 예약,10.53227,0.0,0.0,0.0,dry
2024-04-30,골프 예약,9.32427,0.0,0.0,0.0,dry
2024-05-01,골프 예약,6.60626,0.2,0.2,0.0,dry
2024-05-02,골프 예약,10.07927,0.0,0.0,0.0,dry
2024-05-03,골프 예약,9.24877,0.0,0.0,0.0,dry
2024-05-04,골프 예약,4.60551,0.0,0.0,0.0,dry
2024-05-05,골프 예약,3.88825,66.8,66.8,0.0,rain
2024-05-06,골프 예약,5.47376,6.2,6.2,0.0,rain
2024-05-07,골프 예약,8.90902,1.9,1.9,0.0,rain
2024-05-08,골프 예약,10.45677,0.2,0.2,0.0,dry
2024-05-09,골프 예약,9.02227,0.0,0.0,0.0,dry
2024-05-10,골프 예약,8.15402,0.0,0.0,0.0,dry
2024-05-11,골프 예약,4.83201,16.2,16.2,0.0,rain
2024-05-12,골프 예약,5.20951,0.0,0.0,0.0,dry
2024-05-13,골프 예약,10.00377,0.0,0.0,0.0,dry
2024-05-14,골프 예약,9.58852,0.0,0.0,0.0,dry
2024-05-15,골프 예약,6.45526,22.7,22.7,0.0,rain
2024-05-16,골프 예약,8.98452,3.4,3.4,0.0,rain
2024-05-17,골프 예약,9.77727,0.0,0.0,0.0,dry
2024-05-18,골프 예약,4.60551,0.0,0.0,0.0,dry
2024-05-19,골프 예약,3.96375,0.0,0.0,0.0,dry
2024-05-20,골프 예약,10.19252,2.1,2.1,0.0,rain
2024-05-21,골프 예약,9.32427,0.0,0.0,0.0,dry
2024-05-22,골프 예약,9.28652,0.0,0.0,0.0,dry
2024-05-23,골프 예약,8.87127,0.0,0.0,0.0,dry
2024-05-24,골프 예약,8.11627,0.0,0.0,0.0,dry
2024-05-25,골프 예약,3.81275,0.0,0.0,0.0,dry
2024-05-26,골프 예약,4.37901,7.1,7.1,0.0,rain
2024-05-27,골프 예약,9.24877,0.0,0.0,0.0,dry
2024-05-28,골프 예약,8.72027,0.0,0.0,0.0,dry
2024-05-29,골프 예약,8.00302,0.0,0.0,0.0,dry
2024-05-30,골프 예약,7.55001,0.0,0.0,0.0,dry
2024-05-31,골프 예약,7.92751,0.3,0.3,0.0,dry
2024-06-01,골프 예약,4.68101,1.7,1.7,0.0,rain
2024-06-02,골프 예약,4.90751,0.0,0.0,0.0,dry
2024-06-03,골프 예약,9.89052,0.0,0.0,0.0,dry
2024-06-04,골프 예약,9.09777,0.0,0.0,0.0,dry
2024-06-05,골프 예약,8.83352,0.0,0.0,0.0,dry
2024-06-06,골프 예약,5.81351,0.2,0.2,0.0,dry
2024-06-07,골프 예약,6.75726,0.0,0.0,0.0,dry
2024-06-08,골프 예약,3.73725,15.8,15.8,0.0,rain
2024-06-09,골프 예약,4.75651,0.0,0.0,0.0,dry
2024-06-10,골프 예약,8.56927,0.0,0.0,0.0,dry
2024-06-11,골프 예약,7.09701,0.0,0.0,0.0,dry
2024-06-12,골프 예약,7.05926,0.0,0.0,0.0,dry
2024-06-13,골프 예약,7.43676,0.0,0.0,0.0,dry
2024-06-14,골프 예약,7.21026,0.0,0.0,0.0,dry
2024-06-15,골프 예약,3.66175,7.2,7.2,0.0,rain
2024-06-16,골프 예약,4.19026,0.1,0.1,0.0,dry
2024-06-17,골프 예약,8.07852,0.0,0.0,0.0,dry
2024-06-18,골프 예약,6.98376,0.0,0.0,0.0,dry
2024-06-19,골프 예약,6.75726,0.0,0.0,0.0,dry
2024-06-20,골프 예약,6.75726,0.0,0.0,0.0,dry
2024-06-21,골프 예약,6.07776,0.0,0.0,0.0,dry
2024-06-22,골프 예약,3.322,26.3,26.3,0.0,rain
2024-06-23,골프 예약,3.2465,7.2,7.2,0.0,rain
2024-06-24,골프 예약,6.87051,11.1,11.1,0.0,rain
2024-06-25,골프 예약,5.58701,1.0,1.0,0.0,rain
2024-06-26,골프 예약,5.62476,0.3,0.3,0.0,dry
2024-06-27,골프 예약,6.41751,0.0,0.0,0.0,dry
2024-06-28,골프 예약,4.56776,0.0,0.0,0.0,dry
2024-06-29,골프 예약,2.30275,34.5,34.5,0.0,rain
2024-06-30,골프 예약,2.68025,4.5,4.5,0.0,rain
2024-07-01,골프 예약,5.88901,0.0,0.0,0.0,dry
2024-07-02,골프 예약,5.09626,57.7,57.7,0.0,rain
2024-07-03,골프 예약,4.34126,5.5,5.5,0.0,rain
2024-07-04,골프 예약,4.75651,4.1,4.1,0.0,rain
2024-07-05,골프 예약,5.36051,1.9,1.9,0.0,rain
2024-07-06,골프 예약,2.90675,25.1,25.1,0.0,rain
2024-07-07,골프 예약,3.58625,18.1,18.1,0.0,rain
2024-07-08,골프 예약,5.36051,37.7,37.7,0.0,rain
2024-07-09,골프 예약,5.88901,8.3,8.3,0.0,rain
2024-07-10,골프 예약,5.73801,15.1,15.1,0.0,rain
2024-07-11,골프 예약,5.02076,0.4,0.4,0.0,dry
2024-07-12,골프 예약,5.39826,0.6,0.6,0.0,dry
2024-07-13,골프 예약,2.83125,5.6,5.6,0.0,rain
2024-07-14,골프 예약,2.45375,1.4,1.4,0.0,rain
2024-07-15,골프 예약,5.54926,0.3,0.3,0.0,dry
2024-07-16,골프 예약,5.96451,17.8,17.8,0.0,rain
2024-07-17,골프 예약,5.58701,89.6,89.6,0.0,rain
2024-07-18,골프 예약,4.34126,60.6,60.6,0.0,rain
2024-07-19,골프 예약,4.83201,1.2,1.2,0.0,rain
2024-07-20,골프 예약,2.75575,25.8,25.8,0.0,rain
2024-07-21,골프 예약,3.322,7.4,7.4,0.0,rain
2024-07-22,골프 예약,5.28501,41.4,41.4,0.0,rain
2024-07-23,골프 예약,5.17176,26.2,26.2,0.0,rain
2024-07-24,골프 예약,5.39826,3.4,3.4,0.0,rain
2024-07-25,골프 예약,5.36051,5.5,5.5,0.0,rain
2024-07-26,골프 예약,5.09626,18.0,18.0,0.0,rain
2024-07-27,골프 예약,3.20875,39.4,39.4,0.0,rain
2024-07-28,골프 예약,2.98225,0.4,0.4,0.0,dry
2024-07-29,골프 예약,5.62476,2.1,2.1,0.0,rain
2024-07-30,골프 예약,6.07776,0.9,0.9,0.0,dry
2024-07-31,골프 예약,4.90751,0.7,0.7,0.0,dry
2024-08-01,골프 예약,5.13401,1.0,1.0,0.0,rain
2024-08-02,골프 예약,4.34126,11.1,11.1,0.0,rain
2024-08-03,골프 예약,2.52925,5.6,5.6,0.0,rain
2024-08-04,골프 예약,2.52925,0.0,0.0,0.0,dry
2024-08-05,골프 예약,5.51151,15.7,15.7,0.0,rain
2024-08-06,골프 예약,5.36051,3.2,3.2,0.0,rain
2024-08-07,골프 예약,5.66251,2.2,2.2,0.0,rain
2024-08-08,골프 예약,4.64326,6.5,6.5,0.0,rain
2024-08-09,골프 예약,5.88901,0.0,0.0,0.0,dry
2024-08-10,골프 예약,2.7935,0.0,0.0,0.0,dry
2024-08-11,골프 예약,2.45375,0.4,0.4,0.0,dry
2024-08-12,골프 예약,7.51226,0.4,0.4,0.0,dry
2024-08-13,골프 예약,6.41751,0.6,0.6,0.0,dry
2024-08-14,골프 예약,6.45526,0.1,0.1,0.0,dry
2024-08-15,골프 예약,4.22801,8.4,8.4,0.0,rain
2024-08-16,골프 예약,5.13401,0.1,0.1,0.0,dry
2024-08-17,골프 예약,3.171,2.1,2.1,0.0,rain
2024-08-18,골프 예약,3.624,21.2,21.2,0.0,rain
2024-08-19,골프 예약,6.04001,6.9,6.9,0.0,rain
2024-08-20,골프 예약,6.26651,10.1,10.1,0.0,rain
2024-08-21,골프 예약,5.36051,71.5,71.5,0.0,rain
2024-08-22,골프 예약,5.73801,5.9,5.9,0.0,rain
2024-08-23,골프 예약,4.83201,4.3,4.3,0.0,rain
2024-08-24,골프 예약,2.98225,0.8,0.8,0.0,dry
2024-08-25,골프 예약,3.624,0.7,0.7,0.0,dry
2024-08-26,골프 예약,7.17251,0.8,0.8,0.0,dry
2024-08-27,골프 예약,7.05926,2.0,2.0,0.0,rain
2024-08-28,골프 예약,7.55001,0.0,0.0,0.0,dry
2024-08-29,골프 예약,6.87051,0.0,0.0,0.0,dry
2024-08-30,골프 예약,6.98376,0.0,0.0,0.0,dry
2024-08-31,골프 예약,4.53001,0.0,0.0,0.0,dry
2024-09-01,골프 예약,5.05851,0.0,0.0,0.0,dry
2024-09-02,골프 예약,9.62627,27.0,27.0,0.0,rain
2024-09-03,골프 예약,9.85277,0.0,0.0,0.0,dry
2024-09-04,골프 예약,10.30577,0.0,0.0,0.0,dry
2024-09-05,골프 예약,8.75802,2.0,2.0,0.0,rain
2024-09-06,골프 예약,8.72027,1.7,1.7,0.0,rain
2024-09-07,골프 예약,4.49226,1.7,1.7,0.0,rain
2024-09-08,골프 예약,4.71876,0.0,0.0,0.0,dry
2024-09-09,골프 예약,11.02302,0.0,0.0,0.0,dry
2024-09-10,골프 예약,8.22952,0.4,0.4,0.0,dry
2024-09-11,골프 예약,8.49377,8.3,8.3,0.0,rain
2024-09-12,골프 예약,7.24801,28.4,28.4,0.0,rain
2024-09-13,골프 예약,6.98376,17.2,17.2,0.0,rain
2024-09-14,골프 예약,5.85126,1.6,1.6,0.0,rain
2024-09-15,골프 예약,5.39826,0.6,0.6,0.0,dry
2024-09-16,골프 예약,5.02076,0.7,0.7,0.0,dry
2024-09-17,골프 예약,4.26576,5.6,5.6,0.0,rain
2024-09-18,골프 예약,5.32276,10.9,10.9,0.0,rain
2024-09-19,골프 예약,10.49452,1.5,1.5,0.0,rain
2024-09-20,골프 예약,9.62627,69.6,69.6,0.0,rain
2024-09-21,골프 예약,5.47376,28.3,28.3,0.0,rain
2024-09-22,골프 예약,6.64401,0.3,0.3,0.0,dry
2024-09-23,골프 예약,13.17478,0.0,0.0,0.0,dry
2024-09-24,골프 예약,13.09928,0.0,0.0,0.0,dry
2024-09-25,골프 예약,10.87202,0.5,0.5,0.0,dry
2024-09-26,골프 예약,9.55077,3.4,3.4,0.0,rain
2024-09-27,골프 예약,10.57002,0.3,0.3,0.0,dry
2024-09-28,골프 예약,5.88901,0.0,0.0,0.0,dry
2024-09-29,골프 예약,5.32276,0.0,0.0,0.0,dry
2024-09-30,골프 예약,14.08078,0.0,0.0,0.0,dry
2024-10-01,골프 예약,8.00302,5.8,5.8,0.0,rain
2024-10-02,골프 예약,10.79652,0.0,0.0,0.0,dry
2024-10-03,골프 예약,7.73876,0.0,0.0,0.0,dry
2024-10-04,골프 예약,9.06002,0.0,0.0,0.0,dry
2024-10-05,골프 예약,6.30426,0.0,0.0,0.0,dry
2024-10-06,골프 예약,6.11551,0.1,0.1,0.0,dry
2024-10-07,골프 예약,12.04228,0.0,0.0,0.0,dry
2024-10-08,골프 예약,11.74027,0.5,0.5,0.0,dry
2024-10-09,골프 예약,6.49301,0.0,0.0,0.0,dry
2024-10-10,골프 예약,9.51302,0.3,0.3,0.0,dry
2024-10-11,골프 예약,10.87202,0.0,0.0,0.0,dry
2024-10-12,골프 예약,5.47376,0.0,0.0,0.0,dry
2024-10-13,골프 예약,4.53001,0.0,0.0,0.0,dry
2024-10-14,골프 예약,10.38127,0.2,0.2,0.0,dry
2024-10-15,골프 예약,10.57002,2.3,2.3,0.0,rain
2024-10-16,골프 예약,8.90902,0.0,0.0,0.0,dry
2024-10-17,골프 예약,10.15477,0.0,0.0,0.0,dry
2024-10-18,골프 예약,8.45602,41.1,41.1,0.0,rain
2024-10-19,골프 예약,5.17176,9.5,9.5,0.0,rain
2024-10-20,골프 예약,5.32276,0.0,0.0,0.0,dry
2024-10-21,골프 예약,10.87202,0.8,0.8,0.0,dry
2024-10-22,골프 예약,11.17402,13.7,13.7,0.0,rain
2024-10-23,골프 예약,8.49377,0.8,0.8,0.0,dry
2024-10-24,골프 예약,10.26802,0.0,0.0,0.0,dry
2024-10-25,골프 예약,7.92751,0.0,0.0,0.0,dry
2024-10-26,골프 예약,5.32276,0.0,0.0,0.0,dry
2024-10-27,골프 예약,3.8505,0.1,0.1,0.0,dry
2024-10-28,골프 예약,10.38127,0.1,0.1,0.0,dry
2024-10-29,골프 예약,9.39977,0.2,0.2,0.0,dry
2024-10-30,골프 예약,9.58852,0.0,0.0,0.0,dry
2024-10-31,골프 예약,8.00302,0.0,0.0,0.0,dry
2024-11-01,골프 예약,8.22952,0.0,0.0,0.0,dry
2024-11-02,골프 예약,4.60551,0.0,0.0,0.0,dry
2024-11-03,골프 예약,4.60551,1.1,1.1,0.0,rain
2024-11-04,골프 예약,9.02227,1.1,1.1,0.0,rain
2024-11-05,골프 예약,8.72027,0.0,0.0,0.0,dry
2024-11-06,골프 예약,7.66326,0.0,0.0,0.0,dry
2024-11-07,골프 예약,6.94601,0.0,0.0,0.0,dry
2024-11-08,골프 예약,6.15326,0.0,0.0,0.0,dry
2024-11-09,골프 예약,3.35975,0.0,0.0,0.0,dry
2024-11-10,골프 예약,3.58625,0.0,0.0,0.0,dry
2024-11-11,골프 예약,8.45602,0.0,0.0,0.0,dry
2024-11-12,골프 예약,7.09701,0.0,0.0,0.0,dry
2024-11-13,골프 예약,5.92676,0.0,0.0,0.0,dry
2024-11-14,골프 예약,5.73801,0.2,0.2,0.0,dry
2024-11-15,골프 예약,5.17176,0.0,0.0,0.0,dry
2024-11-16,골프 예약,3.2465,5.7,5.7,0.0,rain
2024-11-17,골프 예약,2.114,0.1,0.1,0.0,dry
2024-11-18,골프 예약,4.71876,0.0,0.0,0.0,dry
2024-11-19,골프 예약,4.11476,0.0,0.0,0.0,dry
2024-11-20,골프 예약,3.73725,0.0,0.0,0.0,dry
2024-11-21,골프 예약,3.58625,1.1,1.1,0.0,rain
2024-11-22,골프 예약,2.75575,0.0,0.0,0.0,dry
2024-11-23,골프 예약,1.39675,0.0,0.0,0.0,dry
2024-11-24,골프 예약,1.47225,0.0,0.0,0.0,dry
2024-11-25,골프 예약,3.20875,0.0,0.0,0.0,dry
2024-11-26,골프 예약,2.114,21.3,20.0,0.91,rain
2024-11-27,골프 예약,1.4345,10.9,0.4,7.35,snow
2024-11-28,골프 예약,2.00075,0.7,0.0,0.49,dry
2024-11-29,골프 예약,2.75575,0.0,0.0,0.0,dry
2024-11-30,골프 예약,1.661,0.0,0.0,0.0,dry
2024-12-01,골프 예약,1.17025,0.3,0.3,0.0,dry
2024-12-02,골프 예약,2.68025,0.2,0.2,0.0,dry
2024-12-03,골프 예약,2.15175,0.0,0.0,0.0,dry
2024-12-04,골프 예약,1.812,0.0,0.0,0.0,dry
2024-12-05,골프 예약,1.62325,0.0,0.0,0.0,dry
2024-12-06,골프 예약,1.32125,0.0,0.0,0.0,dry
2024-12-07,골프 예약,0.64175,0.0,0.0,0.0,dry
2024-12-08,골프 예약,0.86825,0.0,0.0,0.0,dry
2024-12-09,골프 예약,1.7365,0.0,0.0,0.0,dry
2024-12-10,골프 예약,1.92525,0.0,0.0,0.0,dry
2024-12-11,골프 예약,1.92525,0.0,0.0,0.0,dry
2024-12-12,골프 예약,1.5855,0.0,0.0,0.0,dry
2024-12-13,골프 예약,1.09475,0.0,0.0,0.0,dry
2024-12-14,골프 예약,0.26425,0.0,0.0,0.0,dry
2024-12-15,골프 예약,0.86825,0.0,0.0,0.0,dry
2024-12-16,골프 예약,1.54775,0.0,0.0,0.0,dry
2024-12-17,골프 예약,2.0385,0.0,0.0,0.0,dry
2024-12-18,골프 예약,1.359,0.0,0.0,0.0,dry
2024-12-19,골프 예약,1.17025,0.0,0.0,0.0,dry
2024-12-20,골프 예약,1.01925,0.8,0.0,0.56,dry
2024-12-21,골프 예약,0.906,0.7,0.0,0.49,dry
2024-12-22,골프 예약,0.86825,0.0,0.0,0.0,dry
2024-12-23,골프 예약,1.51,0.0,0.0,0.0,dry
2024-12-24,골프 예약,1.812,0.0,0.0,0.0,dry
2024-12-25,골프 예약,0.906,0.3,0.3,0.0,dry
2024-12-26,골프 예약,2.1895,0.0,0.0,0.0,dry
2024-12-27,골프 예약,1.8875,0.0,0.0,0.0,dry
2024-12-28,골프 예약,1.17025,0.0,0.0,0.0,dry
2024-12-29,골프 예약,1.32125,0.0,0.0,0.0,dry
2024-12-30,골프 예약,1.963,0.3,0.3,0.0,dry
2024-12-31,골프 예약,1.24575,0.1,0.1,0.0,dry
2024-01-01,골프 부킹,1.4345,0.0,0.0,0.0,dry
2024-01-02,골프 부킹,2.75575,0.1,0.1,0.0,dry
2024-01-03,골프 부킹,2.68025,0.1,0.0,0.07,dry
2024-01-04,골프 부킹,3.28425,0.0,0.0,0.0,dry
2024-01-05,골프 부킹,2.3405,0.6,0.6,0.0,dry
2024-01-06,골프 부킹,0.86825,0.4,0.0,0.28,dry
2024-01-07,골프 부킹,1.5855,0.0,0.0,0.0,dry
2024-01-08,골프 부킹,2.37825,0.0,0.0,0.0,dry
2024-01-09,골프 부킹,2.30275,2.4,0.0,1.68,snow
2024-01-10,골프 부킹,2.1895,0.0,0.0,0.0,dry
2024-01-11,골프 부킹,2.52925,0.0,0.0,0.0,dry
2024-01-12,골프 부킹,1.8875,0.0,0.0,0.0,dry
2024-01-13,골프 부킹,1.84975,0.0,0.0,0.0,dry
2024-01-14,골프 부킹,1.51,2.7,2.7,0.0,rain
2024-01-15,골프 부킹,2.60475,0.0,0.0,0.0,dry
2024-01-16,골프 부킹,2.90675,0.0,0.0,0.0,dry
2024-01-17,골프 부킹,2.114,7.7,3.6,2.87,mixed
2024-01-18,골프 부킹,2.60475,1.0,1.0,0.0,rain
2024-01-19,골프 부킹,3.775,0.0,0.0,0.0,dry
2024-01-20,골프 부킹,0.604,2.2,0.4,1.26,snow
2024-01-21,골프 부킹,1.62325,0.1,0.0,0.07,dry
2024-01-22,골프 부킹,2.15175,0.0,0.0,0.0,dry
2024-01-23,골프 부킹,1.47225,0.0,0.0,0.0,dry
2024-01-24,골프 부킹,1.77425,0.0,0.0,0.0,dry
2024-01-25,골프 부킹,1.69875,0.0,0.0,0.0,dry
2024-01-26,골프 부킹,2.0385,0.0,0.0,0.0,dry
2024-01-27,골프 부킹,1.69875,0.0,0.0,0.0,dry
2024-01-28,골프 부킹,1.77425,0.0,0.0,0.0,dry
2024-01-29,골프 부킹,4.03926,0.0,0.0,0.0,dry
2024-01-30,골프 부킹,3.28425,0.0,0.0,0.0,dry
2024-01-31,골프 부킹,2.9445,0.0,0.0,0.0,dry
2024-02-01,골프 부킹,3.73725,0.0,0.0,0.0,dry
2024-02-02,골프 부킹,4.75651,0.0,0.0,0.0,dry
2024-02-03,골프 부킹,1.69875,1.4,1.4,0.0,rain
2024-02-04,골프 부킹,2.22725,0.0,0.0,0.0,dry
2024-02-05,골프 부킹,3.624,7.6,2.9,3.29,mixed
2024-02-06,골프 부킹,3.6995,1.0,0.2,0.56,dry
2024-02-07,골프 부킹,4.60551,0.0,0.0,0.0,dry
2024-02-08,골프 부킹,3.775,0.0,0.0,0.0,dry
2024-02-09,골프 부킹,2.15175,0.0,0.0,0.0,dry
2024-02-10,골프 부킹,1.09475,0.0,0.0,0.0,dry
2024-02-11,골프 부킹,1.84975,0.0,0.0,0.0,dry
2024-02-12,골프 부킹,2.98225,0.0,0.0,0.0,dry
2024-02-13,골프 부킹,5.02076,0.0,0.0,0.0,dry
2024-02-14,골프 부킹,5.17176,1.0,1.0,0.0,rain
2024-02-15,골프 부킹,5.13401,8.6,5.4,2.24,mixed
2024-02-16,골프 부킹,5.05851,0.0,0.0,0.0,dry
2024-02-17,골프 부킹,3.3975,0.0,0.0,0.0,dry
2024-02-18,골프 부킹,2.07625,8.5,8.5,0.0,rain
2024-02-19,골프 부킹,4.75651,8.6,8.6,0.0,rain
2024-02-20,골프 부킹,4.68101,2.0,1.9,0.07,rain
2024-02-21,골프 부킹,3.73725,15.3,2.1,9.24,mixed
2024-02-22,골프 부킹,4.64326,5.7,0.0,3.99,snow
2024-02-23,골프 부킹,4.34126,0.2,0.0,0.14,dry
2024-02-24,골프 부킹,2.416,2.1,0.8,0.91,dry
2024-02-25,골프 부킹,2.9445,2.1,0.0,1.47,snow
2024-02-26,골프 부킹,7.21026,0.0,0.0,0.0,dry
2024-02-27,골프 부킹,6.15326,0.0,0.0,0.0,dry
2024-02-28,골프 부킹,5.24726,0.0,0.0,0.0,dry
2024-02-29,골프 부킹,6.04001,0.1,0.1,0.0,dry
2024-03-01,골프 부킹,2.98225,0.0,0.0,0.0,dry
2024-03-02,골프 부킹,2.114,3.6,0.0,2.52,snow
2024-03-03,골프 부킹,2.3405,0.4,0.3,0.07,dry
2024-03-04,골프 부킹,5.24726,0.0,0.0,0.0,dry
2024-03-05,골프 부킹,5.81351,0.6,0.5,0.07,dry
2024-03-06,골프 부킹,6.15326,0.0,0.0,0.0,dry
2024-03-07,골프 부킹,5.73801,2.1,1.4,0.49,rain
2024-03-08,골프 부킹,5.20951,0.0,0.0,0.0,dry
2024-03-09,골프 부킹,2.52925,0.0,0.0,0.0,dry
2024-03-10,골프 부킹,2.68025,0.0,0.0,0.0,dry
2024-03-11,골프 부킹,6.87051,0.4,0.4,0.0,dry
2024-03-12,골프 부킹,6.37976,1.7,1.7,0.0,rain
2024-03-13,골프 부킹,6.94601,0.0,0.0,0.0,dry
2024-03-14,골프 부킹,6.60626,0.0,0.0,0.0,dry
2024-03-15,골프 부킹,6.15326,0.0,0.0,0.0,dry
2024-03-16,골프 부킹,3.35975,0.0,0.0,0.0,dry
2024-03-17,골프 부킹,2.6425,0.1,0.1,0.0,dry
2024-03-18,골프 부킹,9.02227,0.0,0.0,0.0,dry
2024-03-19,골프 부킹,7.02151,0.7,0.7,0.0,dry
2024-03-20,골프 부킹,7.55001,0.0,0.0,0.0,dry
2024-03-21,골프 부킹,5.88901,0.0,0.0,0.0,dry
2024-03-22,골프 부킹,5.92676,16.3,16.3,0.0,rain
2024-03-23,골프 부킹,4.30351,1.3,1.3,0.0,rain
2024-03-24,골프 부킹,3.73725,0.0,0.0,0.0,dry
2024-03-25,골프 부킹,8.49377,2.5,2.5,0.0,rain
2024-03-26,골프 부킹,7.70101,12.4,12.1,0.21,rain
2024-03-27,골프 부킹,7.36126,0.0,0.0,0.0,dry
2024-03-28,골프 부킹,7.13476,3.0,3.0,0.0,rain
2024-03-29,골프 부킹,6.30426,5.0,4.9,0.07,rain
2024-03-30,골프 부킹,3.5485,1.0,0.7,0.21,dry
2024-03-31,골프 부킹,4.45451,0.0,0.0,0.0,dry
2024-04-01,골프 부킹,9.89052,0.0,0.0,0.0,dry
2024-04-02,골프 부킹,9.62627,0.0,0.0,0.0,dry
2024-04-03,골프 부킹,8.34277,0.5,0.5,0.0,dry
2024-04-04,골프 부킹,8.56927,0.0,0.0,0.0,dry
2024-04-05,골프 부킹,7.43676,0.1,0.1,0.0,dry
2024-04-06,골프 부킹,4.37901,0.0,0.0,0.0,dry
2024-04-07,골프 부킹,4.64326,0.0,0.0,0.0,dry
2024-04-08,골프 부킹,9.85277,0.0,0.0,0.0,dry
2024-04-09,골프 부킹,9.17327,0.0,0.0,0.0,dry
2024-04-10,골프 부킹,4.68101,0.0,0.0,0.0,dry
2024-04-11,골프 부킹,7.24801,0.5,0.5,0.0,dry
2024-04-12,골프 부킹,7.28576,0.0,0.0,0.0,dry
2024-04-13,골프 부킹,5.09626,0.0,0.0,0.0,dry
2024-04-14,골프 부킹,4.60551,0.0,0.0,0.0,dry
2024-04-15,골프 부킹,9.43752,19.1,19.1,0.0,rain
2024-04-16,골프 부킹,9.58852,0.8,0.8,0.0,dry
2024-04-17,골프 부킹,8.90902,0.0,0.0,0.0,dry
2024-04-18,골프 부킹,9.09777,0.0,0.0,0.0,dry
2024-04-19,골프 부킹,7.92751,0.0,0.0,0.0,dry
2024-04-20,골프 부킹,4.11476,5.7,5.7,0.0,rain
2024-04-21,골프 부킹,3.624,0.1,0.1,0.0,dry
2024-04-22,골프 부킹,7.85201,0.0,0.0,0.0,dry
2024-04-23,골프 부킹,8.79577,1.2,1.2,0.0,rain
2024-04-24,골프 부킹,8.60702,12.1,12.1,0.0,rain
2024-04-25,골프 부킹,8.49377,0.0,0.0,0.0,dry
2024-04-26,골프 부킹,6.83276,0.0,0.0,0.0,dry
2024-04-27,골프 부킹,3.66175,0.0,0.0,0.0,dry
2024-04-28,골프 부킹,4.34126,0.0,0.0,0.0,dry
2024-04-29,골프 부킹,8.94677,0.0,0.0,0.0,dry
2024-04-30,골프 부킹,9.09777,0.0,0.0,0.0,dry
2024-05-01,골프 부킹,5.73801,0.2,0.2,0.0,dry
2024-05-02,골프 부킹,8.94677,0.0,0.0,0.0,dry
2024-05-03,골프 부킹,7.66326,0.0,0.0,0.0,dry
2024-05-04,골프 부킹,3.926,0.0,0.0,0.0,dry
2024-05-05,골프 부킹,3.5485,66.8,66.8,0.0,rain
2024-05-06,골프 부킹,4.49226,6.2,6.2,0.0,rain
2024-05-07,골프 부킹,7.43676,1.9,1.9,0.0,rain
2024-05-08,골프 부킹,8.79577,0.2,0.2,0.0,dry
2024-05-09,골프 부킹,7.92751,0.0,0.0,0.0,dry
2024-05-10,골프 부킹,8.79577,0.0,0.0,0.0,dry
2024-05-11,골프 부킹,3.35975,16.2,16.2,0.0,rain
2024-05-12,골프 부킹,3.473,0.0,0.0,0.0,dry
2024-05-13,골프 부킹,10.34352,0.0,0.0,0.0,dry
2024-05-14,골프 부킹,9.17327,0.0,0.0,0.0,dry
2024-05-15,골프 부킹,4.56776,22.7,22.7,0.0,rain
2024-05-16,골프 부킹,7.39901,3.4,3.4,0.0,rain
2024-05-17,골프 부킹,7.28576,0.0,0.0,0.0,dry
2024-05-18,골프 부킹,3.73725,0.0,0.0,0.0,dry
2024-05-19,골프 부킹,3.28425,0.0,0.0,0.0,dry
2024-05-20,골프 부킹,8.34277,2.1,2.1,0.0,rain
2024-05-21,골프 부킹,8.07852,0.0,0.0,0.0,dry
2024-05-22,골프 부킹,9.09777,0.0,0.0,0.0,dry
2024-05-23,골프 부킹,6.64401,0.0,0.0,0.0,dry
2024-05-24,골프 부킹,6.75726,0.0,0.0,0.0,dry
2024-05-25,골프 부킹,2.98225,0.0,0.0,0.0,dry
2024-05-26,골프 부킹,3.775,7.1,7.1,0.0,rain
2024-05-27,골프 부킹,8.19177,0.0,0.0,0.0,dry
2024-05-28,골프 부킹,8.90902,0.0,0.0,0.0,dry
2024-05-29,골프 부킹,6.83276,0.0,0.0,0.0,dry
2024-05-30,골프 부킹,7.92751,0.0,0.0,0.0,dry
2024-05-31,골프 부킹,7.05926,0.3,0.3,0.0,dry
2024-06-01,골프 부킹,5.20951,1.7,1.7,0.0,rain
2024-06-02,골프 부킹,5.54926,0.0,0.0,0.0,dry
2024-06-03,골프 부킹,9.70177,0.0,0.0,0.0,dry
2024-06-04,골프 부킹,9.92827,0.0,0.0,0.0,dry
2024-06-05,골프 부킹,8.30502,0.0,0.0,0.0,dry
2024-06-06,골프 부킹,4.98301,0.2,0.2,0.0,dry
2024-06-07,골프 부킹,6.53076,0.0,0.0,0.0,dry
2024-06-08,골프 부킹,4.60551,15.8,15.8,0.0,rain
2024-06-09,골프 부킹,4.37901,0.0,0.0,0.0,dry
2024-06-10,골프 부킹,7.66326,0.0,0.0,0.0,dry
2024-06-11,골프 부킹,9.28652,0.0,0.0,0.0,dry
2024-06-12,골프 부킹,7.85201,0.0,0.0,0.0,dry
2024-06-13,골프 부킹,7.17251,0.0,0.0,0.0,dry
2024-06-14,골프 부킹,6.15326,0.0,0.0,0.0,dry
2024-06-15,골프 부킹,4.22801,7.2,7.2,0.0,rain
2024-06-16,골프 부킹,3.5485,0.1,0.1,0.0,dry
2024-06-17,골프 부킹,8.41827,0.0,0.0,0.0,dry
2024-06-18,골프 부킹,6.30426,0.0,0.0,0.0,dry
2024-06-19,골프 부킹,6.34201,0.0,0.0,0.0,dry
2024-06-20,골프 부킹,6.83276,0.0,0.0,0.0,dry
2024-06-21,골프 부킹,6.60626,0.0,0.0,0.0,dry
2024-06-22,골프 부킹,3.171,26.3,26.3,0.0,rain
2024-06-23,골프 부킹,1.963,7.2,7.2,0.0,rain
2024-06-24,골프 부킹,7.32351,11.1,11.1,0.0,rain
2024-06-25,골프 부킹,5.32276,1.0,1.0,0.0,rain
2024-06-26,골프 부킹,6.19101,0.3,0.3,0.0,dry
2024-06-27,골프 부킹,5.88901,0.0,0.0,0.0,dry
2024-06-28,골프 부킹,4.60551,0.0,0.0,0.0,dry
2024-06-29,골프 부킹,2.75575,34.5,34.5,0.0,rain
2024-06-30,골프 부킹,2.60475,4.5,4.5,0.0,rain
2024-07-01,골프 부킹,4.94526,0.0,0.0,0.0,dry
2024-07-02,골프 부킹,4.37901,57.7,57.7,0.0,rain
2024-07-03,골프 부킹,4.41676,5.5,5.5,0.0,rain
2024-07-04,골프 부킹,5.17176,4.1,4.1,0.0,rain
2024-07-05,골프 부킹,3.6995,1.9,1.9,0.0,rain
2024-07-06,골프 부킹,2.7935,25.1,25.1,0.0,rain
2024-07-07,골프 부킹,3.28425,18.1,18.1,0.0,rain
2024-07-08,골프 부킹,5.39826,37.7,37.7,0.0,rain
2024-07-09,골프 부킹,5.09626,8.3,8.3,0.0,rain
2024-07-10,골프 부킹,6.56851,15.1,15.1,0.0,rain
2024-07-11,골프 부킹,4.30351,0.4,0.4,0.0,dry
2024-07-12,골프 부킹,4.90751,0.6,0.6,0.0,dry
2024-07-13,골프 부킹,3.20875,5.6,5.6,0.0,rain
2024-07-14,골프 부킹,2.567,1.4,1.4,0.0,rain
2024-07-15,골프 부킹,4.26576,0.3,0.3,0.0,dry
2024-07-16,골프 부킹,3.6995,17.8,17.8,0.0,rain
2024-07-17,골프 부킹,3.73725,89.6,89.6,0.0,rain
2024-07-18,골프 부킹,4.26576,60.6,60.6,0.0,rain
2024-07-19,골프 부킹,4.07701,1.2,1.2,0.0,rain
2024-07-20,골프 부킹,2.9445,25.8,25.8,0.0,rain
2024-07-21,골프 부킹,2.6425,7.4,7.4,0.0,rain
2024-07-22,골프 부킹,4.56776,41.4,41.4,0.0,rain
2024-07-23,골프 부킹,4.56776,26.2,26.2,0.0,rain
2024-07-24,골프 부킹,4.68101,3.4,3.4,0.0,rain
2024-07-25,골프 부킹,4.68101,5.5,5.5,0.0,rain
2024-07-26,골프 부킹,4.94526,18.0,18.0,0.0,rain
2024-07-27,골프 부킹,2.22725,39.4,39.4,0.0,rain
2024-07-28,골프 부킹,2.68025,0.4,0.4,0.0,dry
2024-07-29,골프 부킹,5.05851,2.1,2.1,0.0,rain
2024-07-30,골프 부킹,5.02076,0.9,0.9,0.0,dry
2024-07-31,골프 부킹,4.41676,0.7,0.7,0.0,dry
2024-08-01,골프 부킹,5.09626,1.0,1.0,0.0,rain
2024-08-02,골프 부킹,5.32276,11.1,11.1,0.0,rain
2024-08-03,골프 부킹,2.60475,5.6,5.6,0.0,rain
2024-08-04,골프 부킹,2.15175,0.0,0.0,0.0,dry
2024-08-05,골프 부킹,4.71876,15.7,15.7,0.0,rain
2024-08-06,골프 부킹,5.32276,3.2,3.2,0.0,rain
2024-08-07,골프 부킹,5.13401,2.2,2.2,0.0,rain
2024-08-08,골프 부킹,4.53001,6.5,6.5,0.0,rain
2024-08-09,골프 부킹,6.00226,0.0,0.0,0.0,dry
2024-08-10,골프 부킹,2.68025,0.0,0.0,0.0,dry
2024-08-11,골프 부킹,2.9445,0.4,0.4,0.0,dry
2024-08-12,골프 부킹,5.77576,0.4,0.4,0.0,dry
2024-08-13,골프 부킹,5.13401,0.6,0.6,0.0,dry
2024-08-14,골프 부킹,5.17176,0.1,0.1,0.0,dry
2024-08-15,골프 부킹,2.60475,8.4,8.4,0.0,rain
2024-08-16,골프 부킹,4.11476,0.1,0.1,0.0,dry
2024-08-17,골프 부킹,3.3975,2.1,2.1,0.0,rain
2024-08-18,골프 부킹,2.6425,21.2,21.2,0.0,rain
2024-08-19,골프 부킹,6.15326,6.9,6.9,0.0,rain
2024-08-20,골프 부킹,6.26651,10.1,10.1,0.0,rain
2024-08-21,골프 부킹,4.98301,71.5,71.5,0.0,rain
2024-08-22,골프 부킹,5.20951,5.9,5.9,0.0,rain
2024-08-23,골프 부킹,5.09626,4.3,4.3,0.0,rain
2024-08-24,골프 부킹,2.718,0.8,0.8,0.0,dry
2024-08-25,골프 부킹,2.6425,0.7,0.7,0.0,dry
2024-08-26,골프 부킹,6.41751,0.8,0.8,0.0,dry
2024-08-27,골프 부킹,6.90826,2.0,2.0,0.0,rain
2024-08-28,골프 부킹,5.54926,0.0,0.0,0.0,dry
2024-08-29,골프 부킹,6.26651,0.0,0.0,0.0,dry
2024-08-30,골프 부킹,5.39826,0.0,0.0,0.0,dry
2024-08-31,골프 부킹,3.2465,0.0,0.0,0.0,dry
2024-09-01,골프 부킹,3.35975,0.0,0.0,0.0,dry
2024-09-02,골프 부킹,7.28576,27.0,27.0,0.0,rain
2024-09-03,골프 부킹,9.06002,0.0,0.0,0.0,dry
2024-09-04,골프 부킹,7.88976,0.0,0.0,0.0,dry
2024-09-05,골프 부킹,7.28576,2.0,2.0,0.0,rain
2024-09-06,골프 부킹,6.37976,1.7,1.7,0.0,rain
2024-09-07,골프 부킹,4.37901,1.7,1.7,0.0,rain
2024-09-08,골프 부킹,3.51075,0.0,0.0,0.0,dry
2024-09-09,골프 부킹,7.70101,0.0,0.0,0.0,dry
2024-09-10,골프 부킹,7.70101,0.4,0.4,0.0,dry
2024-09-11,골프 부킹,5.92676,8.3,8.3,0.0,rain
2024-09-12,골프 부킹,7.32351,28.4,28.4,0.0,rain
2024-09-13,골프 부킹,6.49301,17.2,17.2,0.0,rain
2024-09-14,골프 부킹,4.56776,1.6,1.6,0.0,rain
2024-09-15,골프 부킹,3.6995,0.6,0.6,0.0,dry
2024-09-16,골프 부킹,3.322,0.7,0.7,0.0,dry
2024-09-17,골프 부킹,3.13325,5.6,5.6,0.0,rain
2024-09-18,골프 부킹,4.90751,10.9,10.9,0.0,rain
2024-09-19,골프 부킹,7.58776,1.5,1.5,0.0,rain
2024-09-20,골프 부킹,7.21026,69.6,69.6,0.0,rain
2024-09-21,골프 부킹,4.79426,28.3,28.3,0.0,rain
2024-09-22,골프 부킹,4.90751,0.3,0.3,0.0,dry
2024-09-23,골프 부킹,10.23027,0.0,0.0,0.0,dry
2024-09-24,골프 부킹,9.73952,0.0,0.0,0.0,dry
2024-09-25,골프 부킹,9.02227,0.5,0.5,0.0,dry
2024-09-26,골프 부킹,8.56927,3.4,3.4,0.0,rain
2024-09-27,골프 부킹,10.11702,0.3,0.3,0.0,dry
2024-09-28,골프 부킹,6.00226,0.0,0.0,0.0,dry
2024-09-29,골프 부킹,5.92676,0.0,0.0,0.0,dry
2024-09-30,골프 부킹,10.83427,0.0,0.0,0.0,dry
2024-10-01,골프 부킹,7.17251,5.8,5.8,0.0,rain
2024-10-02,골프 부킹,10.23027,0.0,0.0,0.0,dry
2024-10-03,골프 부킹,6.68176,0.0,0.0,0.0,dry
2024-10-04,골프 부킹,8.64477,0.0,0.0,0.0,dry
2024-10-05,골프 부킹,5.77576,0.0,0.0,0.0,dry
2024-10-06,골프 부킹,4.53001,0.1,0.1,0.0,dry
2024-10-07,골프 부킹,13.21253,0.0,0.0,0.0,dry
2024-10-08,골프 부킹,11.21177,0.5,0.5,0.0,dry
2024-10-09,골프 부킹,5.47376,0.0,0.0,0.0,dry
2024-10-10,골프 부킹,8.90902,0.3,0.3,0.0,dry
2024-10-11,골프 부킹,11.17402,0.0,0.0,0.0,dry
2024-10-12,골프 부킹,6.15326,0.0,0.0,0.0,dry
2024-10-13,골프 부킹,4.45451,0.0,0.0,0.0,dry
2024-10-14,골프 부킹,10.19252,0.2,0.2,0.0,dry
2024-10-15,골프 부킹,9.13552,2.3,2.3,0.0,rain
2024-10-16,골프 부킹,9.09777,0.0,0.0,0.0,dry
2024-10-17,골프 부킹,9.09777,0.0,0.0,0.0,dry
2024-10-18,골프 부킹,8.60702,41.1,41.1,0.0,rain
2024-10-19,골프 부킹,3.926,9.5,9.5,0.0,rain
2024-10-20,골프 부킹,4.00151,0.0,0.0,0.0,dry
2024-10-21,골프 부킹,9.92827,0.8,0.8,0.0,dry
2024-10-22,골프 부킹,10.79652,13.7,13.7,0.0,rain
2024-10-23,골프 부킹,8.53152,0.8,0.8,0.0,dry
2024-10-24,골프 부킹,8.75802,0.0,0.0,0.0,dry
2024-10-25,골프 부킹,7.88976,0.0,0.0,0.0,dry
2024-10-26,골프 부킹,4.56776,0.0,0.0,0.0,dry
2024-10-27,골프 부킹,3.81275,0.1,0.1,0.0,dry
2024-10-28,골프 부킹,8.90902,0.1,0.1,0.0,dry
2024-10-29,골프 부킹,8.90902,0.2,0.2,0.0,dry
2024-10-30,골프 부킹,9.47527,0.0,0.0,0.0,dry
2024-10-31,골프 부킹,8.41827,0.0,0.0,0.0,dry
2024-11-01,골프 부킹,7.47451,0.0,0.0,0.0,dry
2024-11-02,골프 부킹,4.30351,0.0,0.0,0.0,dry
2024-11-03,골프 부킹,3.5485,1.1,1.1,0.0,rain
2024-11-04,골프 부킹,9.28652,1.1,1.1,0.0,rain
2024-11-05,골프 부킹,8.19177,0.0,0.0,0.0,dry
2024-11-06,골프 부킹,7.39901,0.0,0.0,0.0,dry
2024-11-07,골프 부킹,7.21026,0.0,0.0,0.0,dry
2024-11-08,골프 부킹,5.77576,0.0,0.0,0.0,dry
2024-11-09,골프 부킹,3.5485,0.0,0.0,0.0,dry
2024-11-10,골프 부킹,3.2465,0.0,0.0,0.0,dry
2024-11-11,골프 부킹,8.00302,0.0,0.0,0.0,dry
2024-11-12,골프 부킹,7.32351,0.0,0.0,0.0,dry
2024-11-13,골프 부킹,6.41751,0.0,0.0,0.0,dry
2024-11-14,골프 부킹,5.09626,0.2,0.2,0.0,dry
2024-11-15,골프 부킹,4.37901,0.0,0.0,0.0,dry
2024-11-16,골프 부킹,1.8875,5.7,5.7,0.0,rain
2024-11-17,골프 부킹,2.1895,0.1,0.1,0.0,dry
2024-11-18,골프 부킹,4.15251,0.0,0.0,0.0,dry
2024-11-19,골프 부킹,3.96375,0.0,0.0,0.0,dry
2024-11-20,골프 부킹,3.171,0.0,0.0,0.0,dry
2024-11-21,골프 부킹,3.5485,1.1,1.1,0.0,rain
2024-11-22,골프 부킹,4.03926,0.0,0.0,0.0,dry
2024-11-23,골프 부킹,1.39675,0.0,0.0,0.0,dry
2024-11-24,골프 부킹,1.24575,0.0,0.0,0.0,dry
2024-11-25,골프 부킹,2.30275,0.0,0.0,0.0,dry
2024-11-26,골프 부킹,2.0385,21.3,20.0,0.91,rain
2024-11-27,골프 부킹,4.83201,10.9,0.4,7.35,snow
2024-11-28,골프 부킹,4.75651,0.7,0.0,0.49,dry
2024-11-29,골프 부킹,5.20951,0.0,0.0,0.0,dry
2024-11-30,골프 부킹,4.41676,0.0,0.0,0.0,dry
2024-12-01,골프 부킹,3.926,0.3,0.3,0.0,dry
2024-12-02,골프 부킹,5.36051,0.2,0.2,0.0,dry
2024-12-03,골프 부킹,5.28501,0.0,0.0,0.0,dry
2024-12-04,골프 부킹,4.07701,0.0,0.0,0.0,dry
2024-12-05,골프 부킹,3.02,0.0,0.0,0.0,dry
2024-12-06,골프 부킹,2.416,0.0,0.0,0.0,dry
2024-12-07,골프 부킹,1.01925,0.0,0.0,0.0,dry
2024-12-08,골프 부킹,1.47225,0.0,0.0,0.0,dry
2024-12-09,골프 부킹,2.07625,0.0,0.0,0.0,dry
2024-12-10,골프 부킹,1.5855,0.0,0.0,0.0,dry
2024-12-11,골프 부킹,2.265,0.0,0.0,0.0,dry
2024-12-12,골프 부킹,1.92525,0.0,0.0,0.0,dry
2024-12-13,골프 부킹,1.77425,0.0,0.0,0.0,dry
2024-12-14,골프 부킹,1.01925,0.0,0.0,0.0,dry
2024-12-15,골프 부킹,0.9815,0.0,0.0,0.0,dry
2024-12-16,골프 부킹,1.359,0.0,0.0,0.0,dry
2024-12-17,골프 부킹,2.0385,0.0,0.0,0.0,dry
2024-12-18,골프 부킹,1.32125,0.0,0.0,0.0,dry
2024-12-19,골프 부킹,1.77425,0.0,0.0,0.0,dry
2024-12-20,골프 부킹,1.661,0.8,0.0,0.56,dry
2024-12-21,골프 부킹,0.6795,0.7,0.0,0.49,dry
2024-12-22,골프 부킹,1.01925,0.0,0.0,0.0,dry
2024-12-23,골프 부킹,2.0385,0.0,0.0,0.0,dry
2024-12-24,골프 부킹,1.92525,0.0,0.0,0.0,dry
2024-12-25,골프 부킹,1.7365,0.3,0.3,0.0,dry
2024-12-26,골프 부킹,2.00075,0.0,0.0,0.0,dry
2024-12-27,골프 부킹,1.62325,0.0,0.0,0.0,dry
2024-12-28,골프 부킹,0.906,0.0,0.0,0.0,dry
2024-12-29,골프 부킹,1.24575,0.0,0.0,0.0,dry
2024-12-30,골프 부킹,2.114,0.3,0.3,0.0,dry
2024-12-31,골프 부킹,2.15175,0.1,0.1,0.0,dry
2024-01-01,골프장,17.40279,0.0,0.0,0.0,dry
2024-01-02,골프장,19.44129,0.1,0.1,0.0,dry
2024-01-03,골프장,19.17704,0.1,0.0,0.07,dry
2024-01-04,골프장,20.5738,0.0,0.0,0.0,dry
2024-01-05,골프장,19.29029,0.6,0.6,0.0,dry
2024-01-06,골프장,16.15704,0.4,0.0,0.28,dry
2024-01-07,골프장,15.36428,0.0,0.0,0.0,dry
2024-01-08,골프장,17.62929,0.0,0.0,0.0,dry
2024-01-09,골프장,17.55379,2.4,0.0,1.68,snow
2024-01-10,골프장,19.13929,0.0,0.0,0.0,dry
2024-01-11,골프장,21.4043,0.0,0.0,0.0,dry
2024-01-12,골프장,17.81804,0.0,0.0,0.0,dry
2024-01-13,골프장,18.27104,0.0,0.0,0.0,dry
2024-01-14,골프장,14.94903,2.7,2.7,0.0,rain
2024-01-15,골프장,19.59229,0.0,0.0,0.0,dry
2024-01-16,골프장,20.7248,0.0,0.0,0.0,dry
2024-01-17,골프장,21.4043,7.7,3.6,2.87,mixed
2024-01-18,골프장,21.44205,1.0,1.0,0.0,rain
2024-01-19,골프장,20.00755,0.0,0.0,0.0,dry
2024-01-20,골프장,17.51604,2.2,0.4,1.26,snow
2024-01-21,골프장,20.1963,0.1,0.0,0.07,dry
2024-01-22,골프장,19.06379,0.0,0.0,0.0,dry
2024-01-23,골프장,16.72329,0.0,0.0,0.0,dry
2024-01-24,골프장,16.53454,0.0,0.0,0.0,dry
2024-01-25,골프장,17.93129,0.0,0.0,0.0,dry
2024-01-26,골프장,16.27029,0.0,0.0,0.0,dry
2024-01-27,골프장,19.63004,0.0,0.0,0.0,dry
2024-01-28,골프장,16.64779,0.0,0.0,0.0,dry
2024-01-29,골프장,19.47904,0.0,0.0,0.0,dry
2024-01-30,골프장,22.95205,0.0,0.0,0.0,dry
2024-01-31,골프장,20.1963,0.0,0.0,0.0,dry
2024-02-01,골프장,18.98829,0.0,0.0,0.0,dry
2024-02-02,골프장,21.4798,0.0,0.0,0.0,dry
2024-02-03,골프장,18.64854,1.4,1.4,0.0,rain
2024-02-04,골프장,19.47904,0.0,0.0,0.0,dry
2024-02-05,골프장,20.98905,7.6,2.9,3.29,mixed
2024-02-06,골프장,21.1023,1.0,0.2,0.56,dry
2024-02-07,골프장,19.47904,0.0,0.0,0.0,dry
2024-02-08,골프장,22.87655,0.0,0.0,0.0,dry
2024-02-09,골프장,21.7818,0.0,0.0,0.0,dry
2024-02-10,골프장,26.87806,0.0,0.0,0.0,dry
2024-02-11,골프장,24.12231,0.0,0.0,0.0,dry
2024-02-12,골프장,24.00906,0.0,0.0,0.0,dry
2024-02-13,골프장,32.69158,0.0,0.0,0.0,dry
2024-02-14,골프장,26.99131,1.0,1.0,0.0,rain
2024-02-15,골프장,24.49981,8.6,5.4,2.24,mixed
2024-02-16,골프장,25.93431,0.0,0.0,0.0,dry
2024-02-17,골프장,23.0653,0.0,0.0,0.0,dry
2024-02-18,골프장,20.76255,8.5,8.5,0.0,rain
2024-02-19,골프장,27.33106,8.6,8.6,0.0,rain
2024-02-20,골프장,25.48131,2.0,1.9,0.07,rain
2024-02-21,골프장,22.27255,15.3,2.1,9.24,mixed
2024-02-22,골프장,27.48206,5.7,0.0,3.99,snow
2024-02-23,골프장,29.74707,0.2,0.0,0.14,dry
2024-02-24,골프장,21.74405,2.1,0.8,0.91,dry
2024-02-25,골프장,26.19856,2.1,0.0,1.47,snow
2024-02-26,골프장,29.78482,0.0,0.0,0.0,dry
2024-02-27,골프장,28.76557,0.0,0.0,0.0,dry
2024-02-28,골프장,23.70705,0.0,0.0,0.0,dry
2024-02-29,골프장,23.25405,0.1,0.1,0.0,dry
2024-03-01,골프장,22.6878,0.0,0.0,0.0,dry
2024-03-02,골프장,24.23556,3.6,0.0,2.52,snow
2024-03-03,골프장,26.61381,0.4,0.3,0.07,dry
2024-03-04,골프장,29.67157,0.0,0.0,0.0,dry
2024-03-05,골프장,29.06757,0.6,0.5,0.07,dry
2024-03-06,골프장,28.84107,0.0,0.0,0.0,dry
2024-03-07,골프장,29.14307,2.1,1.4,0.49,rain
2024-03-08,골프장,28.46357,0.0,0.0,0.0,dry
2024-03-09,골프장,24.08456,0.0,0.0,0.0,dry
2024-03-10,골프장,23.2163,0.0,0.0,0.0,dry
2024-03-11,골프장,32.46508,0.4,0.4,0.0,dry
2024-03-12,골프장,29.93582,1.7,1.7,0.0,rain
2024-03-13,골프장,28.01057,0.0,0.0,0.0,dry
2024-03-14,골프장,31.37032,0.0,0.0,0.0,dry
2024-03-15,골프장,30.61532,0.0,0.0,0.0,dry
2024-03-16,골프장,26.46281,0.0,0.0,0.0,dry
2024-03-17,골프장,26.08531,0.1,0.1,0.0,dry
2024-03-18,골프장,32.27633,0.0,0.0,0.0,dry
2024-03-19,골프장,33.59758,0.7,0.7,0.0,dry
2024-03-20,골프장,30.23782,0.0,0.0,0.0,dry
2024-03-21,골프장,30.61532,0.0,0.0,0.0,dry
2024-03-22,골프장,29.63382,16.3,16.3,0.0,rain
2024-03-23,골프장,28.57682,1.3,1.3,0.0,rain
2024-03-24,골프장,24.53756,0.0,0.0,0.0,dry
2024-03-25,골프장,33.82408,2.5,2.5,0.0,rain
2024-03-26,골프장,31.48357,12.4,12.1,0.21,rain
2024-03-27,골프장,32.88033,0.0,0.0,0.0,dry
2024-03-28,골프장,30.01132,3.0,3.0,0.0,rain
2024-03-29,골프장,30.53982,5.0,4.9,0.07,rain
2024-03-30,골프장,24.31106,1.0,0.7,0.21,dry
2024-03-31,골프장,49.90562,0.0,0.0,0.0,dry
2024-04-01,골프장,47.07436,0.0,0.0,0.0,dry
2024-04-02,골프장,36.35334,0.0,0.0,0.0,dry
2024-04-03,골프장,34.35258,0.5,0.5,0.0,dry
2024-04-04,골프장,33.89958,0.0,0.0,0.0,dry
2024-04-05,골프장,30.91732,0.1,0.1,0.0,dry
2024-04-06,골프장,30.38882,0.0,0.0,0.0,dry
2024-04-07,골프장,27.63306,0.0,0.0,0.0,dry
2024-04-08,골프장,37.67459,0.0,0.0,0.0,dry
2024-04-09,골프장,38.35409,0.0,0.0,0.0,dry
2024-04-10,골프장,30.01132,0.0,0.0,0.0,dry
2024-04-11,골프장,34.12608,0.5,0.5,0.0,dry
2024-04-12,골프장,31.44582,0.0,0.0,0.0,dry
2024-04-13,골프장,32.84258,0.0,0.0,0.0,dry
2024-04-14,골프장,29.78482,0.0,0.0,0.0,dry
2024-04-15,골프장,36.88184,19.1,19.1,0.0,rain
2024-04-16,골프장,34.95658,0.8,0.8,0.0,dry
2024-04-17,골프장,34.05058,0.0,0.0,0.0,dry
2024-04-18,골프장,34.31483,0.0,0.0,0.0,dry
2024-04-19,골프장,34.05058,0.0,0.0,0.0,dry
2024-04-20,골프장,26.61381,5.7,5.7,0.0,rain
2024-04-21,골프장,30.53982,0.1,0.1,0.0,dry
2024-04-22,골프장,37.52359,0.0,0.0,0.0,dry
2024-04-23,골프장,36.69309,1.2,1.2,0.0,rain
2024-04-24,골프장,32.95583,12.1,12.1,0.0,rain
2024-04-25,골프장,34.39033,0.0,0.0,0.0,dry
2024-04-26,골프장,35.29633,0.0,0.0,0.0,dry
2024-04-27,골프장,28.65232,0.0,0.0,0.0,dry
2024-04-28,골프장,27.55756,0.0,0.0,0.0,dry
2024-04-29,골프장,37.37259,0.0,0.0,0.0,dry
2024-04-30,골프장,36.39109,0.0,0.0,0.0,dry
2024-05-01,골프장,31.48357,0.2,0.2,0.0,dry
2024-05-02,골프장,36.61759,0.0,0.0,0.0,dry
2024-05-03,골프장,34.05058,0.0,0.0,0.0,dry
2024-05-04,골프장,28.91657,0.0,0.0,0.0,dry
2024-05-05,골프장,27.40656,66.8,66.8,0.0,rain
2024-05-06,골프장,28.87882,6.2,6.2,0.0,rain
2024-05-07,골프장,35.18308,1.9,1.9,0.0,rain
2024-05-08,골프장,35.97583,0.2,0.2,0.0,dry
2024-05-09,골프장,35.06983,0.0,0.0,0.0,dry
2024-05-10,골프장,34.61683,0.0,0.0,0.0,dry
2024-05-11,골프장,26.31181,16.2,16.2,0.0,rain
2024-05-12,골프장,29.10532,0.0,0.0,0.0,dry
2024-05-13,골프장,37.22159,0.0,0.0,0.0,dry
2024-05-14,골프장,39.26009,0.0,0.0,0.0,dry
2024-05-15,골프장,38.39184,22.7,22.7,0.0,rain
2024-05-16,골프장,37.29709,3.4,3.4,0.0,rain
2024-05-17,골프장,36.20234,0.0,0.0,0.0,dry
2024-05-18,골프장,30.35107,0.0,0.0,0.0,dry
2024-05-19,골프장,29.44507,0.0,0.0,0.0,dry
2024-05-20,골프장,37.93884,2.1,2.1,0.0,rain
2024-05-21,골프장,35.29633,0.0,0.0,0.0,dry
2024-05-22,골프장,33.29558,0.0,0.0,0.0,dry
2024-05-23,골프장,33.40883,0.0,0.0,0.0,dry
2024-05-24,골프장,31.93657,0.0,0.0,0.0,dry
2024-05-25,골프장,30.69082,0.0,0.0,0.0,dry
2024-05-26,골프장,27.18006,7.1,7.1,0.0,rain
2024-05-27,골프장,34.01283,0.0,0.0,0.0,dry
2024-05-28,골프장,32.23858,0.0,0.0,0.0,dry
2024-05-29,골프장,33.10683,0.0,0.0,0.0,dry
2024-05-30,골프장,32.16308,0.0,0.0,0.0,dry
2024-05-31,골프장,31.71007,0.3,0.3,0.0,dry
2024-06-01,골프장,31.10607,1.7,1.7,0.0,rain
2024-06-02,골프장,28.27482,0.0,0.0,0.0,dry
2024-06-03,골프장,33.93733,0.0,0.0,0.0,dry
2024-06-04,골프장,36.57984,0.0,0.0,0.0,dry
2024-06-05,골프장,32.54058,0.0,0.0,0.0,dry
2024-06-06,골프장,30.91732,0.2,0.2,0.0,dry
2024-06-07,골프장,33.71083,0.0,0.0,0.0,dry
2024-06-08,골프장,30.61532,15.8,15.8,0.0,rain
2024-06-09,골프장,29.93582,0.0,0.0,0.0,dry
2024-06-10,골프장,31.14382,0.0,0.0,0.0,dry
2024-06-11,골프장,36.42884,0.0,0.0,0.0,dry
2024-06-12,골프장,30.50207,0.0,0.0,0.0,dry
2024-06-13,골프장,31.25707,0.0,0.0,0.0,dry
2024-06-14,골프장,29.63382,0.0,0.0,0.0,dry
2024-06-15,골프장,28.27482,7.2,7.2,0.0,rain
2024-06-16,골프장,25.51906,0.1,0.1,0.0,dry
2024-06-17,골프장,33.18233,0.0,0.0,0.0,dry
2024-06-18,골프장,30.04907,0.0,0.0,0.0,dry
2024-06-19,골프장,29.40732,0.0,0.0,0.0,dry
2024-06-20,골프장,25.63231,0.0,0.0,0.0,dry
2024-06-21,골프장,29.44507,0.0,0.0,0.0,dry
2024-06-22,골프장,27.70856,26.3,26.3,0.0,rain
2024-06-23,골프장,24.34881,7.2,7.2,0.0,rain
2024-06-24,골프장,29.29407,11.1,11.1,0.0,rain
2024-06-25,골프장,30.72857,1.0,1.0,0.0,rain
2024-06-26,골프장,26.95356,0.3,0.3,0.0,dry
2024-06-27,골프장,100.0,0.0,0.0,0.0,dry
2024-06-28,골프장,72.78218,0.0,0.0,0.0,dry
2024-06-29,골프장,35.44733,34.5,34.5,0.0,rain
2024-06-30,골프장,27.10456,4.5,4.5,0.0,rain
2024-07-01,골프장,31.55907,0.0,0.0,0.0,dry
2024-07-02,골프장,27.02906,57.7,57.7,0.0,rain
2024-07-03,골프장,29.67157,5.5,5.5,0.0,rain
2024-07-04,골프장,27.18006,4.1,4.1,0.0,rain
2024-07-05,골프장,26.95356,1.9,1.9,0.0,rain
2024-07-06,골프장,26.16081,25.1,25.1,0.0,rain
2024-07-07,골프장,23.5183,18.1,18.1,0.0,rain
2024-07-08,골프장,26.95356,37.7,37.7,0.0,rain
2024-07-09,골프장,26.84031,8.3,8.3,0.0,rain
2024-07-10,골프장,29.14307,15.1,15.1,0.0,rain
2024-07-11,골프장,26.50056,0.4,0.4,0.0,dry
2024-07-12,골프장,27.10456,0.6,0.6,0.0,dry
2024-07-13,골프장,27.02906,5.6,5.6,0.0,rain
2024-07-14,골프장,25.21706,1.4,1.4,0.0,rain
2024-07-15,골프장,30.38882,0.3,0.3,0.0,dry
2024-07-16,골프장,27.63306,17.8,17.8,0.0,rain
2024-07-17,골프장,26.76481,89.6,89.6,0.0,rain
2024-07-18,골프장,24.53756,60.6,60.6,0.0,rain
2024-07-19,골프장,25.67006,1.2,1.2,0.0,rain
2024-07-20,골프장,25.14156,25.8,25.8,0.0,rain
2024-07-21,골프장,24.91506,7.4,7.4,0.0,rain
2024-07-22,골프장,27.55756,41.4,41.4,0.0,rain
2024-07-23,골프장,26.23631,26.2,26.2,0.0,rain
2024-07-24,골프장,26.65156,3.4,3.4,0.0,rain
2024-07-25,골프장,26.42506,5.5,5.5,0.0,rain
2024-07-26,골프장,25.85881,18.0,18.0,0.0,rain
2024-07-27,골프장,24.38656,39.4,39.4,0.0,rain
2024-07-28,골프장,24.34881,0.4,0.4,0.0,dry
2024-07-29,골프장,24.08456,2.1,2.1,0.0,rain
2024-07-30,골프장,27.29331,0.9,0.9,0.0,dry
2024-07-31,골프장,26.23631,0.7,0.7,0.0,dry
2024-08-01,골프장,25.02831,1.0,1.0,0.0,rain
2024-08-02,골프장,26.23631,11.1,11.1,0.0,rain
2024-08-03,골프장,24.68856,5.6,5.6,0.0,rain
2024-08-04,골프장,23.5938,0.0,0.0,0.0,dry
2024-08-05,골프장,26.95356,15.7,15.7,0.0,rain
2024-08-06,골프장,30.42657,3.2,3.2,0.0,rain
2024-08-07,골프장,24.91506,2.2,2.2,0.0,rain
2024-08-08,골프장,25.02831,6.5,6.5,0.0,rain
2024-08-09,골프장,25.29256,0.0,0.0,0.0,dry
2024-08-10,골프장,24.34881,0.0,0.0,0.0,dry
2024-08-11,골프장,23.02755,0.4,0.4,0.0,dry
2024-08-12,골프장,27.36881,0.4,0.4,0.0,dry
2024-08-13,골프장,43.29935,0.6,0.6,0.0,dry
2024-08-14,골프장,34.73008,0.1,0.1,0.0,dry
2024-08-15,골프장,28.53907,8.4,8.4,0.0,rain
2024-08-16,골프장,28.50132,0.1,0.1,0.0,dry
2024-08-17,골프장,24.87731,2.1,2.1,0.0,rain
2024-08-18,골프장,22.9143,21.2,21.2,0.0,rain
2024-08-19,골프장,30.31332,6.9,6.9,0.0,rain
2024-08-20,골프장,28.46357,10.1,10.1,0.0,rain
2024-08-21,골프장,26.53831,71.5,71.5,0.0,rain
2024-08-22,골프장,27.55756,5.9,5.9,0.0,rain
2024-08-23,골프장,27.18006,4.3,4.3,0.0,rain
2024-08-24,골프장,23.70705,0.8,0.8,0.0,dry
2024-08-25,골프장,22.49905,0.7,0.7,0.0,dry
2024-08-26,골프장,30.04907,0.8,0.8,0.0,dry
2024-08-27,골프장,29.52057,2.0,2.0,0.0,rain
2024-08-28,골프장,26.87806,0.0,0.0,0.0,dry
2024-08-29,골프장,28.65232,0.0,0.0,0.0,dry
2024-08-30,골프장,28.61457,0.0,0.0,0.0,dry
2024-08-31,골프장,25.33031,0.0,0.0,0.0,dry
2024-09-01,골프장,26.23631,0.0,0.0,0.0,dry
2024-09-02,골프장,38.20309,27.0,27.0,0.0,rain
2024-09-03,골프장,34.88108,0.0,0.0,0.0,dry
2024-09-04,골프장,32.76708,0.0,0.0,0.0,dry
2024-09-05,골프장,27.78406,2.0,2.0,0.0,rain
2024-09-06,골프장,29.36957,1.7,1.7,0.0,rain
2024-09-07,골프장,25.33031,1.7,1.7,0.0,rain
2024-09-08,골프장,25.06606,0.0,0.0,0.0,dry
2024-09-09,골프장,33.48433,0.0,0.0,0.0,dry
2024-09-10,골프장,28.57682,0.4,0.4,0.0,dry
2024-09-11,골프장,29.70932,8.3,8.3,0.0,rain
2024-09-12,골프장,29.70932,28.4,28.4,0.0,rain
2024-09-13,골프장,29.59607,17.2,17.2,0.0,rain
2024-09-14,골프장,31.33257,1.6,1.6,0.0,rain
2024-09-15,골프장,30.91732,0.6,0.6,0.0,dry
2024-09-16,골프장,37.59909,0.7,0.7,0.0,dry
2024-09-17,골프장,34.46583,5.6,5.6,0.0,rain
2024-09-18,골프장,30.72857,10.9,10.9,0.0,rain
2024-09-19,골프장,35.86258,1.5,1.5,0.0,rain
2024-09-20,골프장,32.84258,69.6,69.6,0.0,rain
2024-09-21,골프장,30.84182,28.3,28.3,0.0,rain
2024-09-22,골프장,27.02906,0.3,0.3,0.0,dry
2024-09-23,골프장,37.29709,0.0,0.0,0.0,dry
2024-09-24,골프장,35.56058,0.0,0.0,0.0,dry
2024-09-25,골프장,33.89958,0.5,0.5,0.0,dry
2024-09-26,골프장,34.54133,3.4,3.4,0.0,rain
2024-09-27,골프장,33.52208,0.3,0.3,0.0,dry
2024-09-28,골프장,28.23707,0.0,0.0,0.0,dry
2024-09-29,골프장,29.52057,0.0,0.0,0.0,dry
2024-09-30,골프장,35.37183,0.0,0.0,0.0,dry
2024-10-01,골프장,31.59682,5.8,5.8,0.0,rain
2024-10-02,골프장,33.89958,0.0,0.0,0.0,dry
2024-10-03,골프장,30.50207,0.0,0.0,0.0,dry
2024-10-04,골프장,32.46508,0.0,0.0,0.0,dry
2024-10-05,골프장,26.04756,0.0,0.0,0.0,dry
2024-10-06,골프장,24.49981,0.1,0.1,0.0,dry
2024-10-07,골프장,38.95809,0.0,0.0,0.0,dry
2024-10-08,골프장,39.26009,0.5,0.5,0.0,dry
2024-10-09,골프장,33.52208,0.0,0.0,0.0,dry
2024-10-10,골프장,32.38958,0.3,0.3,0.0,dry
2024-10-11,골프장,34.01283,0.0,0.0,0.0,dry
2024-10-12,골프장,29.52057,0.0,0.0,0.0,dry
2024-10-13,골프장,27.55756,0.0,0.0,0.0,dry
2024-10-14,골프장,36.99509,0.2,0.2,0.0,dry
2024-10-15,골프장,34.73008,2.3,2.3,0.0,rain
2024-10-16,골프장,32.65383,0.0,0.0,0.0,dry
2024-10-17,골프장,31.48357,0.0,0.0,0.0,dry
2024-10-18,골프장,29.25632,41.1,41.1,0.0,rain
2024-10-19,골프장,26.00981,9.5,9.5,0.0,rain
2024-10-20,골프장,27.59531,0.0,0.0,0.0,dry
2024-10-21,골프장,36.46659,0.8,0.8,0.0,dry
2024-10-22,골프장,35.33408,13.7,13.7,0.0,rain
2024-10-23,골프장,29.70932,0.8,0.8,0.0,dry
2024-10-24,골프장,32.95583,0.0,0.0,0.0,dry
2024-10-25,골프장,27.29331,0.0,0.0,0.0,dry
2024-10-26,골프장,25.59456,0.0,0.0,0.0,dry
2024-10-27,골프장,24.91506,0.1,0.1,0.0,dry
2024-10-28,골프장,32.80483,0.1,0.1,0.0,dry
2024-10-29,골프장,31.33257,0.2,0.2,0.0,dry
2024-10-30,골프장,30.91732,0.0,0.0,0.0,dry
2024-10-31,골프장,29.59607,0.0,0.0,0.0,dry
2024-11-01,골프장,27.40656,0.0,0.0,0.0,dry
2024-11-02,골프장,24.95281,0.0,0.0,0.0,dry
2024-11-03,골프장,24.72631,1.1,1.1,0.0,rain
2024-11-04,골프장,32.12533,1.1,1.1,0.0,rain
2024-11-05,골프장,29.97357,0.0,0.0,0.0,dry
2024-11-06,골프장,27.14231,0.0,0.0,0.0,dry
2024-11-07,골프장,24.38656,0.0,0.0,0.0,dry
2024-11-08,골프장,25.85881,0.0,0.0,0.0,dry
2024-11-09,골프장,24.61306,0.0,0.0,0.0,dry
2024-11-10,골프장,20.6493,0.0,0.0,0.0,dry
2024-11-11,골프장,29.52057,0.0,0.0,0.0,dry
2024-11-12,골프장,27.51981,0.0,0.0,0.0,dry
2024-11-13,골프장,26.19856,0.0,0.0,0.0,dry
2024-11-14,골프장,24.99056,0.2,0.2,0.0,dry
2024-11-15,골프장,25.36806,0.0,0.0,0.0,dry
2024-11-16,골프장,20.2718,5.7,5.7,0.0,rain
2024-11-17,골프장,18.79954,0.1,0.1,0.0,dry
2024-11-18,골프장,22.65005,0.0,0.0,0.0,dry
2024-11-19,골프장,21.4798,0.0,0.0,0.0,dry
2024-11-20,골프장,19.25254,0.0,0.0,0.0,dry
2024-11-21,골프장,26.04756,1.1,1.1,0.0,rain
2024-11-22,골프장,19.81879,0.0,0.0,0.0,dry
2024-11-23,골프장,17.59154,0.0,0.0,0.0,dry
2024-11-24,골프장,16.23254,0.0,0.0,0.0,dry
2024-11-25,골프장,19.70554,0.0,0.0,0.0,dry
2024-11-26,골프장,18.00679,21.3,20.0,0.91,rain
2024-11-27,골프장,26.42506,10.9,0.4,7.35,snow
2024-11-28,골프장,51.64212,0.7,0.0,0.49,dry
2024-11-29,골프장,25.85881,0.0,0.0,0.0,dry
2024-11-30,골프장,20.68705,0.0,0.0,0.0,dry
2024-12-01,골프장,15.21328,0.3,0.3,0.0,dry
2024-12-02,골프장,19.36579,0.2,0.2,0.0,dry
2024-12-03,골프장,17.89354,0.0,0.0,0.0,dry
2024-12-04,골프장,13.06153,0.0,0.0,0.0,dry
2024-12-05,골프장,16.76104,0.0,0.0,0.0,dry
2024-12-06,골프장,16.87429,0.0,0.0,0.0,dry
2024-12-07,골프장,13.51453,0.0,0.0,0.0,dry
2024-12-08,골프장,13.36353,0.0,0.0,0.0,dry
2024-12-09,골프장,16.27029,0.0,0.0,0.0,dry
2024-12-10,골프장,14.76028,0.0,0.0,0.0,dry
2024-12-11,골프장,18.23329,0.0,0.0,0.0,dry
2024-12-12,골프장,16.11929,0.0,0.0,0.0,dry
2024-12-13,골프장,14.72253,0.0,0.0,0.0,dry
2024-12-14,골프장,14.68478,0.0,0.0,0.0,dry
2024-12-15,골프장,14.34503,0.0,0.0,0.0,dry
2024-12-16,골프장,14.49603,0.0,0.0,0.0,dry
2024-12-17,골프장,14.30728,0.0,0.0,0.0,dry
2024-12-18,골프장,12.15553,0.0,0.0,0.0,dry
2024-12-19,골프장,14.64703,0.0,0.0,0.0,dry
2024-12-20,골프장,12.34428,0.8,0.0,0.56,dry
2024-12-21,골프장,13.92978,0.7,0.0,0.49,dry
2024-12-22,골프장,12.45753,0.0,0.0,0.0,dry
2024-12-23,골프장,13.81653,0.0,0.0,0.0,dry
2024-12-24,골프장,15.36428,0.0,0.0,0.0,dry
2024-12-25,골프장,12.60853,0.3,0.3,0.0,dry
2024-12-26,골프장,14.23178,0.0,0.0,0.0,dry
2024-12-27,골프장,14.08078,0.0,0.0,0.0,dry
2024-12-28,골프장,13.43903,0.0,0.0,0.0,dry
2024-12-29,골프장,12.34428,0.0,0.0,0.0,dry
2024-12-30,골프장,12.08003,0.3,0.3,0.0,dry
2024-12-31,골프장,13.02378,0.1,0.1,0.0,dry
